customer_id,signup_date,plan,monthly_fee,recency_days,churn
1,2023-02-05,premium,40.0,108,0
2,2021-09-06,basic,10.0,165,1
3,2023-05-14,basic,10.0,132,0
4,2021-12-13,basic,10.0,111,0
5,2021-08-12,standard,20.0,15,0
6,2023-05-24,basic,10.0,14,0
7,2022-12-05,premium,40.0,127,1
8,2023-01-11,basic,10.0,115,1
9,2023-12-19,standard,20.0,168,1
10,2022-03-05,standard,20.0,10,0
11,2023-07-09,basic,10.0,27,0
12,2021-12-31,standard,20.0,91,0
13,2022-09-14,premium,40.0,110,1
14,2022-10-18,basic,10.0,148,1
15,2021-08-22,basic,10.0,114,1
16,2021-07-24,basic,10.0,38,0
17,2021-09-08,standard,20.0,110,0
18,2023-01-07,premium,40.0,67,1
19,2022-11-03,basic,10.0,185,1
20,2023-10-29,premium,40.0,171,1
21,2023-02-13,standard,20.0,81,0
22,2021-09-29,standard,20.0,45,0
23,2023-09-29,standard,20.0,99,1
24,2023-11-06,premium,40.0,29,1
25,2023-03-14,basic,10.0,179,0
26,2023-01-01,basic,10.0,140,0
27,2021-05-24,basic,10.0,125,1
28,2021-04-16,premium,40.0,103,0
29,2021-10-19,standard,20.0,129,1
30,2022-04-29,basic,10.0,72,0
31,2021-03-21,basic,10.0,35,0
32,2023-08-29,premium,40.0,95,0
33,2022-06-04,basic,10.0,128,1
34,2023-02-03,standard,20.0,73,0
35,2021-08-21,standard,20.0,166,0
36,2021-12-24,standard,20.0,46,0
37,2021-05-08,standard,20.0,147,1
38,2023-03-15,standard,20.0,111,1
39,2023-04-28,standard,20.0,118,1
40,2021-08-30,standard,20.0,3,0
41,2023-02-22,basic,10.0,56,0
42,2021-03-31,standard,20.0,110,0
43,2022-03-05,basic,10.0,102,1
44,2021-06-25,basic,10.0,50,1
45,2023-03-26,basic,10.0,176,0
46,2022-01-08,basic,10.0,30,0
47,2022-06-03,standard,20.0,6,0
48,2022-05-25,basic,10.0,124,0
49,2022-06-05,premium,40.0,22,0
50,2021-10-19,basic,10.0,74,0
51,2022-09-04,standard,20.0,156,0
52,2023-06-13,standard,20.0,50,0
53,2022-07-01,standard,20.0,159,0
54,2021-07-31,basic,10.0,157,0
55,2021-01-27,standard,20.0,70,0
56,2021-05-22,premium,40.0,79,0
57,2021-03-31,basic,10.0,75,0
58,2021-04-11,standard,20.0,20,0
59,2021-05-15,standard,20.0,32,0
60,2022-10-18,basic,10.0,28,0
61,2023-06-03,premium,40.0,76,0
62,2023-07-25,premium,40.0,56,0
63,2022-12-17,standard,20.0,93,0
64,2022-10-21,basic,10.0,91,0
65,2021-12-30,standard,20.0,136,1
66,2023-10-18,basic,10.0,140,1
67,2022-12-03,basic,10.0,31,0
68,2023-03-05,premium,40.0,139,1
69,2023-03-15,basic,10.0,114,0
70,2023-08-01,basic,10.0,60,0
71,2023-02-09,standard,20.0,147,1
72,2023-10-15,standard,20.0,52,1
73,2022-08-16,standard,20.0,133,0
74,2022-08-22,basic,10.0,182,0
75,2021-10-02,standard,20.0,87,0
76,2023-10-24,standard,20.0,84,0
77,2022-08-29,premium,40.0,139,0
78,2022-06-27,premium,40.0,65,0
79,2021-12-13,standard,20.0,113,0
80,2021-10-27,basic,10.0,135,0
81,2022-11-25,basic,10.0,96,0
82,2022-05-10,basic,10.0,34,0
83,2022-09-14,basic,10.0,159,0
84,2022-12-30,basic,10.0,8,0
85,2023-09-12,standard,20.0,76,0
86,2021-12-29,basic,10.0,20,0
87,2023-01-17,standard,20.0,160,1
88,2023-09-17,basic,10.0,2,0
89,2022-05-18,basic,10.0,5,0
90,2021-10-09,premium,40.0,125,0
91,2021-11-14,standard,20.0,101,0
92,2022-01-08,basic,10.0,195,0
93,2022-11-21,standard,20.0,26,0
94,2021-10-11,standard,20.0,78,0
95,2023-07-08,standard,20.0,163,0
96,2022-01-25,standard,20.0,155,1
97,2021-03-12,standard,20.0,143,1
98,2021-01-06,standard,20.0,111,1
99,2021-01-28,standard,20.0,148,0
100,2022-11-20,basic,10.0,97,0
101,2022-01-15,standard,20.0,72,1
102,2021-11-06,basic,10.0,161,0
103,2022-10-31,basic,10.0,149,1
104,2021-03-16,standard,20.0,11,0
105,2022-08-16,basic,10.0,64,0
106,2022-11-07,standard,20.0,45,0
107,2021-02-04,standard,20.0,175,1
108,2021-07-13,premium,40.0,10,0
109,2022-03-04,basic,10.0,80,1
110,2021-11-30,standard,20.0,3,0
111,2023-11-07,basic,10.0,8,0
112,2022-04-28,premium,40.0,87,1
113,2022-12-10,basic,10.0,159,1
114,2021-06-14,basic,10.0,112,0
115,2023-06-03,basic,10.0,30,0
116,2021-08-27,standard,20.0,174,0
117,2023-04-21,basic,10.0,16,0
118,2022-06-04,standard,20.0,34,0
119,2022-03-22,basic,10.0,131,0
120,2022-06-06,standard,20.0,111,1
121,2022-08-10,premium,40.0,185,1
122,2021-10-07,standard,20.0,104,0
123,2021-05-13,standard,20.0,103,1
124,2021-11-22,standard,20.0,139,0
125,2023-12-20,basic,10.0,100,1
126,2021-11-02,basic,10.0,175,0
127,2023-01-01,standard,20.0,169,1
128,2021-10-13,basic,10.0,131,0
129,2023-07-07,basic,10.0,106,1
130,2022-06-13,premium,40.0,80,0
131,2022-09-14,basic,10.0,130,0
132,2021-08-21,basic,10.0,118,1
133,2022-10-28,basic,10.0,164,0
134,2022-06-27,basic,10.0,162,0
135,2023-02-20,premium,40.0,195,0
136,2021-09-27,standard,20.0,16,0
137,2022-10-29,premium,40.0,21,0
138,2023-07-08,basic,10.0,125,1
139,2022-05-27,premium,40.0,3,0
140,2021-07-17,standard,20.0,57,0
141,2021-03-21,premium,40.0,166,0
142,2023-08-03,basic,10.0,107,0
143,2022-07-08,basic,10.0,66,0
144,2021-07-15,standard,20.0,106,0
145,2021-11-18,basic,10.0,125,0
146,2023-04-02,premium,40.0,129,0
147,2022-02-10,basic,10.0,19,0
148,2022-11-01,basic,10.0,76,0
149,2023-06-09,basic,10.0,30,0
150,2021-08-18,basic,10.0,39,1
151,2023-07-31,basic,10.0,20,0
152,2023-04-13,basic,10.0,22,0
153,2022-01-02,basic,10.0,37,0
154,2021-09-30,standard,20.0,72,0
155,2022-01-13,standard,20.0,6,0
156,2021-04-04,standard,20.0,196,1
157,2022-04-15,standard,20.0,169,0
158,2022-11-08,basic,10.0,189,0
159,2023-04-25,standard,20.0,129,0
160,2022-08-11,standard,20.0,190,1
161,2021-04-29,basic,10.0,146,1
162,2022-11-26,standard,20.0,123,1
163,2021-04-19,standard,20.0,153,1
164,2021-07-10,standard,20.0,72,0
165,2023-11-20,basic,10.0,18,0
166,2021-09-29,basic,10.0,137,0
167,2022-09-22,standard,20.0,196,0
168,2023-01-20,basic,10.0,94,0
169,2023-06-19,basic,10.0,196,0
170,2021-03-30,basic,10.0,14,0
171,2023-07-10,basic,10.0,166,0
172,2023-08-17,standard,20.0,13,0
173,2023-01-30,premium,40.0,146,1
174,2022-04-15,premium,40.0,40,0
175,2021-10-21,basic,10.0,55,0
176,2022-11-09,standard,20.0,1,0
177,2023-01-07,basic,10.0,35,0
178,2021-12-09,premium,40.0,98,0
179,2023-01-17,standard,20.0,142,1
180,2021-07-15,standard,20.0,86,0
181,2021-10-08,basic,10.0,68,0
182,2021-01-11,standard,20.0,182,1
183,2021-11-15,basic,10.0,124,0
184,2021-08-18,basic,10.0,73,0
185,2023-06-20,basic,10.0,135,0
186,2023-08-11,standard,20.0,41,1
187,2023-08-13,basic,10.0,123,0
188,2023-12-02,standard,20.0,150,1
189,2022-11-20,basic,10.0,27,0
190,2022-04-29,basic,10.0,45,0
191,2022-09-30,basic,10.0,5,0
192,2022-02-19,premium,40.0,86,0
193,2022-06-03,premium,40.0,137,0
194,2021-10-30,basic,10.0,142,1
195,2023-01-29,basic,10.0,154,0
196,2023-11-24,basic,10.0,142,1
197,2021-06-23,basic,10.0,127,1
198,2021-03-05,premium,40.0,19,0
199,2022-02-19,standard,20.0,174,1
200,2022-03-24,standard,20.0,6,0
201,2022-03-28,standard,20.0,45,0
202,2021-07-04,basic,10.0,24,0
203,2021-06-29,basic,10.0,39,1
204,2021-09-20,basic,10.0,41,0
205,2022-09-26,standard,20.0,173,0
206,2023-05-05,basic,10.0,170,0
207,2022-06-02,standard,20.0,189,0
208,2021-08-12,basic,10.0,101,1
209,2022-04-13,standard,20.0,198,1
210,2022-08-28,premium,40.0,165,0
211,2023-10-22,premium,40.0,112,0
212,2022-02-06,basic,10.0,95,1
213,2021-09-19,basic,10.0,149,1
214,2022-07-10,premium,40.0,113,0
215,2021-03-08,basic,10.0,120,1
216,2022-01-01,premium,40.0,47,0
217,2021-06-29,basic,10.0,144,1
218,2021-11-06,basic,10.0,93,0
219,2021-05-20,basic,10.0,172,0
220,2021-11-05,basic,10.0,74,1
221,2022-01-20,standard,20.0,7,0
222,2021-04-04,standard,20.0,186,1
223,2022-01-12,standard,20.0,138,1
224,2022-06-12,standard,20.0,179,0
225,2021-04-13,premium,40.0,73,0
226,2023-08-26,standard,20.0,77,0
227,2023-08-18,standard,20.0,158,0
228,2023-11-04,standard,20.0,160,0
229,2021-05-12,premium,40.0,168,0
230,2021-01-30,basic,10.0,46,0
231,2023-11-28,premium,40.0,153,0
232,2023-10-02,premium,40.0,99,0
233,2023-05-28,standard,20.0,85,1
234,2021-05-14,standard,20.0,185,1
235,2023-01-01,basic,10.0,194,0
236,2023-03-30,standard,20.0,184,0
237,2021-11-13,standard,20.0,186,0
238,2023-09-09,standard,20.0,55,0
239,2023-04-06,premium,40.0,85,0
240,2021-07-03,premium,40.0,131,0
241,2022-09-25,premium,40.0,74,1
242,2021-12-29,basic,10.0,42,0
243,2023-05-11,standard,20.0,87,1
244,2022-02-19,basic,10.0,167,0
245,2023-08-03,premium,40.0,45,1
246,2022-01-15,standard,20.0,126,0
247,2022-12-29,basic,10.0,23,0
248,2022-07-20,standard,20.0,164,0
249,2022-04-05,basic,10.0,119,0
250,2021-01-10,standard,20.0,181,0
251,2023-12-14,standard,20.0,108,0
252,2022-04-08,standard,20.0,103,0
253,2022-01-01,basic,10.0,95,0
254,2023-08-20,basic,10.0,8,0
255,2021-01-04,premium,40.0,129,0
256,2021-04-06,premium,40.0,172,1
257,2022-06-02,basic,10.0,27,1
258,2022-06-15,standard,20.0,195,0
259,2023-07-27,standard,20.0,17,0
260,2022-06-11,standard,20.0,178,0
261,2023-02-12,standard,20.0,102,0
262,2023-05-07,basic,10.0,72,0
263,2021-10-16,basic,10.0,130,0
264,2023-11-23,standard,20.0,85,0
265,2023-10-30,standard,20.0,187,1
266,2023-02-14,standard,20.0,160,0
267,2021-02-20,basic,10.0,126,0
268,2021-10-27,basic,10.0,123,1
269,2021-05-26,standard,20.0,79,0
270,2023-01-04,standard,20.0,119,0
271,2021-01-28,standard,20.0,123,0
272,2022-01-16,basic,10.0,107,0
273,2021-01-04,basic,10.0,166,1
274,2023-04-22,basic,10.0,39,0
275,2022-02-16,basic,10.0,25,0
276,2023-01-10,standard,20.0,48,1
277,2021-07-05,basic,10.0,77,0
278,2023-12-07,basic,10.0,149,0
279,2022-04-18,premium,40.0,19,0
280,2023-08-08,standard,20.0,155,1
281,2023-12-18,premium,40.0,41,0
282,2021-02-20,standard,20.0,67,0
283,2023-11-23,standard,20.0,180,1
284,2021-11-14,standard,20.0,81,1
285,2023-10-23,basic,10.0,66,0
286,2023-08-03,standard,20.0,153,0
287,2021-03-26,standard,20.0,75,1
288,2022-10-20,basic,10.0,189,0
289,2021-03-30,standard,20.0,69,0
290,2022-01-12,premium,40.0,116,0
291,2023-08-24,basic,10.0,176,0
292,2021-03-02,basic,10.0,6,0
293,2022-10-03,standard,20.0,18,0
294,2023-04-16,premium,40.0,142,0
295,2023-01-03,basic,10.0,34,0
296,2021-01-02,basic,10.0,30,0
297,2023-01-12,basic,10.0,155,1
298,2021-04-12,basic,10.0,116,0
299,2023-06-01,basic,10.0,161,1
300,2023-12-24,basic,10.0,35,0
301,2023-11-24,basic,10.0,123,0
302,2023-04-30,premium,40.0,24,0
303,2022-01-06,basic,10.0,86,1
304,2023-08-09,basic,10.0,63,1
305,2022-09-29,basic,10.0,45,1
306,2022-06-07,basic,10.0,195,0
307,2022-10-06,standard,20.0,126,0
308,2021-07-04,basic,10.0,23,0
309,2021-05-16,standard,20.0,43,0
310,2022-08-08,standard,20.0,161,0
311,2022-09-10,basic,10.0,73,1
312,2022-04-12,basic,10.0,198,1
313,2023-02-05,basic,10.0,180,1
314,2021-06-28,premium,40.0,182,1
315,2022-05-05,standard,20.0,148,0
316,2021-07-01,standard,20.0,194,0
317,2022-04-01,premium,40.0,118,0
318,2021-10-10,standard,20.0,19,0
319,2023-02-13,standard,20.0,132,1
320,2023-10-30,basic,10.0,190,1
321,2023-02-07,basic,10.0,129,1
322,2023-12-17,basic,10.0,173,1
323,2021-05-11,basic,10.0,181,1
324,2023-02-10,standard,20.0,23,1
325,2021-11-12,premium,40.0,177,0
326,2023-03-03,standard,20.0,159,0
327,2022-06-29,premium,40.0,75,1
328,2023-03-14,basic,10.0,104,1
329,2021-05-09,basic,10.0,195,0
330,2022-07-21,premium,40.0,58,0
331,2022-03-22,basic,10.0,38,0
332,2021-07-14,standard,20.0,165,0
333,2021-08-21,basic,10.0,43,0
334,2023-08-20,premium,40.0,139,0
335,2022-12-22,standard,20.0,69,0
336,2023-08-23,standard,20.0,140,0
337,2022-11-03,basic,10.0,185,1
338,2023-02-16,basic,10.0,172,1
339,2023-08-26,basic,10.0,145,1
340,2023-10-20,premium,40.0,189,0
341,2021-03-02,basic,10.0,121,0
342,2023-12-10,basic,10.0,143,1
343,2022-10-04,standard,20.0,51,0
344,2022-07-06,standard,20.0,44,0
345,2023-07-02,standard,20.0,159,1
346,2023-04-10,basic,10.0,120,1
347,2021-11-01,basic,10.0,26,0
348,2022-11-07,basic,10.0,169,1
349,2022-11-24,basic,10.0,97,1
350,2021-05-06,basic,10.0,45,0
351,2021-02-17,premium,40.0,100,0
352,2021-12-13,standard,20.0,77,1
353,2023-03-02,standard,20.0,148,0
354,2021-03-16,premium,40.0,0,0
355,2023-04-05,basic,10.0,184,0
356,2023-08-30,basic,10.0,71,0
357,2022-02-18,standard,20.0,134,0
358,2021-01-25,standard,20.0,2,0
359,2023-02-03,basic,10.0,169,1
360,2022-08-12,basic,10.0,199,1
361,2023-04-03,basic,10.0,56,0
362,2021-07-14,basic,10.0,85,0
363,2022-03-14,basic,10.0,136,0
364,2021-06-10,basic,10.0,56,0
365,2021-04-21,basic,10.0,160,1
366,2021-07-01,standard,20.0,91,1
367,2022-07-14,basic,10.0,59,0
368,2023-08-19,standard,20.0,123,1
369,2021-08-20,standard,20.0,60,1
370,2022-06-26,basic,10.0,85,0
371,2022-12-14,basic,10.0,69,0
372,2022-01-09,standard,20.0,180,1
373,2021-01-05,basic,10.0,115,1
374,2023-12-31,basic,10.0,168,0
375,2023-01-26,basic,10.0,3,0
376,2022-08-21,premium,40.0,194,1
377,2022-01-01,basic,10.0,182,1
378,2021-11-29,standard,20.0,58,0
379,2021-12-09,premium,40.0,110,1
380,2022-02-10,basic,10.0,54,0
381,2022-10-29,premium,40.0,88,1
382,2023-02-01,basic,10.0,146,1
383,2023-04-12,basic,10.0,180,0
384,2021-05-12,basic,10.0,88,0
385,2021-12-16,basic,10.0,48,0
386,2023-04-11,basic,10.0,67,0
387,2023-01-15,basic,10.0,155,1
388,2023-08-26,standard,20.0,140,1
389,2021-05-21,basic,10.0,112,1
390,2022-06-05,basic,10.0,57,0
391,2021-08-26,basic,10.0,149,1
392,2022-04-24,standard,20.0,134,0
393,2023-04-17,basic,10.0,186,1
394,2021-06-06,standard,20.0,116,0
395,2022-07-10,basic,10.0,169,1
396,2022-04-08,standard,20.0,86,0
397,2021-02-12,premium,40.0,27,0
398,2023-04-18,basic,10.0,68,0
399,2023-06-04,basic,10.0,93,0
400,2022-03-30,standard,20.0,46,0
401,2021-04-05,standard,20.0,30,0
402,2022-11-10,basic,10.0,5,0
403,2023-12-30,basic,10.0,198,1
404,2021-02-17,premium,40.0,8,0
405,2022-03-02,premium,40.0,113,0
406,2021-08-29,standard,20.0,7,0
407,2023-11-15,standard,20.0,63,0
408,2021-08-12,basic,10.0,172,1
409,2023-08-17,basic,10.0,65,0
410,2023-12-11,basic,10.0,149,0
411,2023-05-24,basic,10.0,7,0
412,2021-02-18,standard,20.0,4,0
413,2021-05-11,basic,10.0,41,0
414,2021-08-24,basic,10.0,33,0
415,2023-10-31,premium,40.0,152,0
416,2021-02-04,basic,10.0,31,0
417,2022-12-17,standard,20.0,26,0
418,2022-12-02,standard,20.0,161,0
419,2022-01-06,premium,40.0,122,0
420,2022-12-17,premium,40.0,24,0
421,2021-01-24,premium,40.0,138,1
422,2022-01-14,standard,20.0,19,0
423,2023-05-16,premium,40.0,113,1
424,2021-02-09,basic,10.0,82,0
425,2022-11-10,basic,10.0,113,0
426,2022-04-22,standard,20.0,135,0
427,2023-09-09,standard,20.0,82,0
428,2021-07-07,basic,10.0,124,1
429,2023-11-05,standard,20.0,112,0
430,2022-04-13,standard,20.0,160,1
431,2022-11-06,premium,40.0,19,0
432,2022-02-13,standard,20.0,171,0
433,2023-03-25,standard,20.0,143,0
434,2021-08-31,standard,20.0,63,0
435,2023-02-07,basic,10.0,34,0
436,2023-07-11,basic,10.0,150,0
437,2022-09-04,basic,10.0,82,0
438,2023-01-29,standard,20.0,193,1
439,2022-06-12,basic,10.0,146,1
440,2022-05-31,basic,10.0,141,0
441,2022-05-25,premium,40.0,142,1
442,2022-03-14,standard,20.0,166,0
443,2023-08-18,standard,20.0,172,1
444,2021-04-30,standard,20.0,171,0
445,2023-11-20,basic,10.0,29,0
446,2022-10-23,basic,10.0,7,0
447,2021-11-26,premium,40.0,139,0
448,2022-07-07,basic,10.0,157,0
449,2022-09-17,basic,10.0,37,1
450,2023-09-19,premium,40.0,48,0
451,2023-07-05,basic,10.0,144,1
452,2023-11-27,basic,10.0,33,1
453,2021-04-23,basic,10.0,7,0
454,2023-06-06,basic,10.0,23,0
455,2023-12-21,basic,10.0,176,0
456,2023-08-08,basic,10.0,99,0
457,2021-11-15,basic,10.0,171,1
458,2022-06-27,standard,20.0,116,0
459,2023-03-13,standard,20.0,110,0
460,2022-02-14,standard,20.0,196,0
461,2021-12-12,basic,10.0,36,0
462,2022-06-09,basic,10.0,187,0
463,2023-07-28,standard,20.0,3,0
464,2022-08-05,standard,20.0,54,0
465,2022-05-12,standard,20.0,79,0
466,2023-06-15,premium,40.0,141,0
467,2021-04-12,standard,20.0,32,0
468,2021-06-15,premium,40.0,126,1
469,2021-10-28,standard,20.0,18,0
470,2022-10-20,standard,20.0,3,0
471,2022-01-14,standard,20.0,172,0
472,2023-09-20,premium,40.0,183,1
473,2022-05-04,standard,20.0,6,0
474,2021-09-01,basic,10.0,60,0
475,2022-06-29,standard,20.0,48,0
476,2021-11-12,basic,10.0,54,0
477,2023-11-25,standard,20.0,197,0
478,2023-07-12,premium,40.0,197,0
479,2023-03-06,standard,20.0,110,1
480,2022-12-15,basic,10.0,191,1
481,2021-01-15,basic,10.0,184,1
482,2023-11-24,premium,40.0,146,0
483,2022-11-19,basic,10.0,180,1
484,2022-12-05,standard,20.0,61,0
485,2022-08-26,basic,10.0,81,0
486,2023-11-06,basic,10.0,38,0
487,2022-01-21,premium,40.0,106,0
488,2023-06-25,basic,10.0,0,0
489,2023-11-05,basic,10.0,103,1
490,2023-01-09,basic,10.0,107,1
491,2023-08-24,basic,10.0,167,1
492,2021-07-28,standard,20.0,175,0
493,2021-04-26,premium,40.0,69,1
494,2021-08-22,basic,10.0,88,1
495,2021-06-11,premium,40.0,168,1
496,2023-08-04,basic,10.0,192,0
497,2022-02-18,standard,20.0,45,1
498,2022-01-01,basic,10.0,3,0
499,2023-04-09,basic,10.0,39,0
500,2023-01-22,basic,10.0,108,1
501,2023-12-29,standard,20.0,118,0
502,2022-04-22,basic,10.0,48,0
503,2021-02-13,premium,40.0,38,0
504,2022-05-18,standard,20.0,57,0
505,2021-04-02,basic,10.0,159,0
506,2021-01-12,basic,10.0,185,1
507,2022-02-08,basic,10.0,88,1
508,2023-06-20,basic,10.0,136,1
509,2021-06-16,basic,10.0,170,0
510,2021-12-08,standard,20.0,150,0
511,2022-09-28,basic,10.0,7,0
512,2022-01-05,basic,10.0,32,1
513,2021-07-12,basic,10.0,12,0
514,2021-03-20,standard,20.0,9,0
515,2023-04-19,premium,40.0,108,0
516,2022-11-15,standard,20.0,45,0
517,2022-03-17,basic,10.0,50,0
518,2023-05-03,basic,10.0,98,0
519,2022-04-03,standard,20.0,90,0
520,2022-07-14,basic,10.0,48,1
521,2023-06-10,standard,20.0,131,1
522,2022-06-08,basic,10.0,119,1
523,2022-10-11,premium,40.0,6,0
524,2023-04-26,standard,20.0,99,1
525,2022-07-14,basic,10.0,171,1
526,2021-04-16,basic,10.0,197,0
527,2021-02-18,standard,20.0,32,0
528,2022-08-16,basic,10.0,159,0
529,2021-09-04,basic,10.0,156,0
530,2023-04-01,basic,10.0,91,1
531,2022-05-13,standard,20.0,86,0
532,2022-02-06,premium,40.0,67,0
533,2023-07-12,basic,10.0,168,1
534,2023-08-18,standard,20.0,41,0
535,2021-02-13,standard,20.0,20,0
536,2022-05-16,basic,10.0,162,0
537,2022-07-07,standard,20.0,104,1
538,2021-05-07,standard,20.0,111,0
539,2023-10-26,basic,10.0,76,0
540,2023-12-06,basic,10.0,167,1
541,2023-12-18,standard,20.0,152,1
542,2022-05-15,standard,20.0,16,0
543,2021-04-22,basic,10.0,35,0
544,2023-04-05,premium,40.0,146,0
545,2023-03-25,premium,40.0,168,0
546,2021-03-27,standard,20.0,25,0
547,2022-10-28,basic,10.0,133,0
548,2023-06-05,premium,40.0,48,0
549,2021-02-10,standard,20.0,77,0
550,2021-06-16,basic,10.0,100,0
551,2023-01-19,standard,20.0,136,1
552,2021-05-17,standard,20.0,9,0
553,2022-07-27,basic,10.0,169,0
554,2021-10-30,basic,10.0,123,0
555,2021-02-03,basic,10.0,143,0
556,2022-04-11,standard,20.0,119,1
557,2022-05-23,basic,10.0,148,0
558,2022-06-16,basic,10.0,34,0
559,2021-02-05,basic,10.0,30,0
560,2022-04-14,standard,20.0,37,0
561,2022-06-15,basic,10.0,196,1
562,2021-02-07,basic,10.0,161,0
563,2021-03-20,premium,40.0,81,0
564,2022-10-16,standard,20.0,186,1
565,2021-03-01,basic,10.0,179,0
566,2023-03-24,premium,40.0,175,1
567,2022-07-29,basic,10.0,24,0
568,2023-12-08,basic,10.0,127,0
569,2023-11-10,standard,20.0,72,0
570,2022-08-30,standard,20.0,131,0
571,2023-04-15,standard,20.0,138,0
572,2023-10-18,premium,40.0,179,0
573,2021-09-14,basic,10.0,86,0
574,2023-11-09,standard,20.0,125,0
575,2023-04-04,basic,10.0,141,0
576,2021-08-21,standard,20.0,112,0
577,2021-03-07,standard,20.0,188,1
578,2021-03-14,basic,10.0,27,0
579,2023-10-19,basic,10.0,65,0
580,2021-07-05,basic,10.0,28,0
581,2021-01-22,basic,10.0,63,0
582,2023-03-27,standard,20.0,16,0
583,2023-03-01,basic,10.0,99,0
584,2021-10-13,basic,10.0,47,0
585,2022-01-05,basic,10.0,176,1
586,2021-05-03,standard,20.0,131,1
587,2022-01-02,basic,10.0,144,0
588,2023-10-31,premium,40.0,135,0
589,2022-06-05,basic,10.0,22,0
590,2023-01-19,basic,10.0,65,0
591,2022-03-23,basic,10.0,150,0
592,2023-11-16,premium,40.0,87,0
593,2021-11-11,premium,40.0,153,1
594,2021-12-27,basic,10.0,9,1
595,2022-12-31,premium,40.0,111,0
596,2021-07-30,standard,20.0,27,0
597,2021-01-14,basic,10.0,28,0
598,2021-05-30,premium,40.0,109,1
599,2022-10-20,standard,20.0,155,1
600,2023-10-30,basic,10.0,15,0
601,2022-05-21,premium,40.0,139,0
602,2021-06-29,standard,20.0,143,0
603,2023-10-05,standard,20.0,99,0
604,2023-05-29,basic,10.0,90,0
605,2023-05-19,basic,10.0,163,0
606,2021-08-20,basic,10.0,24,0
607,2021-06-30,standard,20.0,1,0
608,2023-08-03,standard,20.0,124,1
609,2023-12-10,standard,20.0,174,0
610,2021-03-04,basic,10.0,134,1
611,2021-06-01,standard,20.0,40,0
612,2022-02-22,basic,10.0,56,0
613,2023-10-30,premium,40.0,16,0
614,2022-03-17,standard,20.0,111,0
615,2021-08-19,basic,10.0,51,0
616,2023-12-05,standard,20.0,138,0
617,2022-03-22,basic,10.0,0,0
618,2023-09-11,standard,20.0,23,0
619,2022-05-20,premium,40.0,105,0
620,2022-02-25,standard,20.0,184,1
621,2021-04-24,standard,20.0,31,0
622,2022-04-11,standard,20.0,81,0
623,2022-12-07,basic,10.0,120,1
624,2023-02-23,basic,10.0,118,0
625,2021-01-07,standard,20.0,13,0
626,2022-12-02,basic,10.0,69,0
627,2022-09-28,basic,10.0,104,1
628,2023-09-07,basic,10.0,36,0
629,2023-07-14,basic,10.0,100,1
630,2023-01-23,standard,20.0,51,0
631,2022-10-08,standard,20.0,117,1
632,2022-07-19,premium,40.0,154,0
633,2023-07-02,premium,40.0,3,0
634,2023-09-14,standard,20.0,153,1
635,2021-08-17,premium,40.0,148,0
636,2021-12-29,premium,40.0,10,0
637,2022-06-13,standard,20.0,127,0
638,2022-02-07,standard,20.0,71,0
639,2021-07-15,standard,20.0,23,0
640,2022-01-20,standard,20.0,57,1
641,2022-11-17,basic,10.0,86,1
642,2022-06-21,standard,20.0,56,0
643,2022-08-21,basic,10.0,89,0
644,2021-02-08,standard,20.0,88,0
645,2022-12-16,basic,10.0,27,0
646,2022-05-11,basic,10.0,89,0
647,2023-11-19,premium,40.0,159,0
648,2021-12-13,standard,20.0,5,0
649,2022-07-18,basic,10.0,30,0
650,2021-09-24,basic,10.0,136,0
651,2022-07-07,basic,10.0,139,0
652,2021-09-28,basic,10.0,24,0
653,2021-05-07,standard,20.0,182,0
654,2023-05-24,basic,10.0,173,0
655,2022-07-13,standard,20.0,11,0
656,2022-02-27,standard,20.0,11,0
657,2021-09-09,standard,20.0,156,0
658,2023-12-10,basic,10.0,186,0
659,2022-08-22,standard,20.0,143,0
660,2022-03-28,basic,10.0,15,0
661,2023-05-21,basic,10.0,37,0
662,2023-02-03,basic,10.0,27,0
663,2021-12-07,premium,40.0,142,0
664,2021-12-01,basic,10.0,159,0
665,2022-11-29,basic,10.0,194,1
666,2023-06-25,basic,10.0,57,0
667,2022-01-20,premium,40.0,54,0
668,2021-08-22,standard,20.0,146,1
669,2021-12-01,standard,20.0,48,0
670,2021-10-29,basic,10.0,193,0
671,2022-10-03,basic,10.0,97,0
672,2021-11-17,basic,10.0,176,0
673,2023-11-12,premium,40.0,10,0
674,2021-05-22,standard,20.0,41,0
675,2022-01-31,basic,10.0,157,0
676,2023-04-02,standard,20.0,33,0
677,2021-08-01,standard,20.0,121,1
678,2022-04-18,standard,20.0,79,0
679,2022-09-12,standard,20.0,50,1
680,2021-05-18,standard,20.0,79,0
681,2022-10-08,basic,10.0,133,0
682,2022-08-11,basic,10.0,42,0
683,2023-02-13,premium,40.0,45,0
684,2022-06-19,premium,40.0,12,0
685,2023-04-21,basic,10.0,61,0
686,2022-07-08,basic,10.0,173,1
687,2022-10-13,basic,10.0,127,1
688,2023-02-20,basic,10.0,146,1
689,2023-02-17,basic,10.0,20,0
690,2021-03-14,basic,10.0,45,1
691,2022-02-28,standard,20.0,168,0
692,2022-06-23,standard,20.0,87,0
693,2022-10-25,basic,10.0,170,1
694,2021-02-26,premium,40.0,0,0
695,2021-03-19,basic,10.0,197,0
696,2023-12-05,basic,10.0,153,0
697,2021-04-04,basic,10.0,34,0
698,2022-12-24,premium,40.0,28,0
699,2021-10-16,basic,10.0,195,1
700,2021-07-05,basic,10.0,99,0
701,2021-11-03,standard,20.0,67,0
702,2023-10-04,standard,20.0,196,0
703,2022-06-03,basic,10.0,177,0
704,2021-07-11,basic,10.0,88,1
705,2021-01-19,basic,10.0,156,1
706,2022-01-24,standard,20.0,88,1
707,2023-09-06,standard,20.0,124,1
708,2021-02-21,premium,40.0,45,1
709,2022-06-15,premium,40.0,167,1
710,2022-02-11,basic,10.0,57,0
711,2021-06-29,basic,10.0,135,0
712,2023-03-12,standard,20.0,107,0
713,2022-06-24,premium,40.0,42,0
714,2021-05-14,basic,10.0,134,0
715,2023-12-17,basic,10.0,27,0
716,2023-05-01,basic,10.0,1,0
717,2022-06-30,standard,20.0,38,0
718,2022-04-13,standard,20.0,12,0
719,2022-10-06,basic,10.0,60,0
720,2023-05-29,basic,10.0,182,1
721,2021-04-23,standard,20.0,139,1
722,2021-07-10,standard,20.0,171,1
723,2021-07-04,basic,10.0,144,1
724,2023-09-16,standard,20.0,133,1
725,2022-05-12,basic,10.0,122,0
726,2023-03-08,standard,20.0,196,1
727,2021-07-21,premium,40.0,94,1
728,2021-02-22,basic,10.0,71,0
729,2022-01-07,standard,20.0,143,1
730,2022-06-09,standard,20.0,53,0
731,2022-01-18,basic,10.0,140,1
732,2021-03-13,standard,20.0,110,0
733,2022-05-26,basic,10.0,145,1
734,2023-03-03,basic,10.0,42,0
735,2021-10-21,standard,20.0,61,0
736,2022-02-02,standard,20.0,164,0
737,2023-02-03,premium,40.0,71,0
738,2023-04-28,premium,40.0,74,0
739,2021-12-02,basic,10.0,178,1
740,2023-08-25,standard,20.0,116,1
741,2023-01-17,standard,20.0,154,1
742,2021-07-13,standard,20.0,144,0
743,2021-09-22,standard,20.0,178,0
744,2023-06-07,basic,10.0,0,0
745,2022-09-02,standard,20.0,28,0
746,2022-02-27,basic,10.0,51,0
747,2023-05-06,basic,10.0,44,0
748,2022-02-23,basic,10.0,151,1
749,2022-10-17,premium,40.0,184,1
750,2022-12-18,standard,20.0,162,0
751,2021-08-01,standard,20.0,6,0
752,2023-12-03,basic,10.0,112,0
753,2022-10-21,basic,10.0,58,0
754,2023-01-18,basic,10.0,182,1
755,2022-05-28,basic,10.0,28,0
756,2021-08-31,basic,10.0,170,0
757,2022-11-04,standard,20.0,41,0
758,2021-01-01,basic,10.0,50,0
759,2022-09-02,premium,40.0,119,0
760,2021-05-02,basic,10.0,25,0
761,2021-07-29,premium,40.0,19,0
762,2021-11-19,standard,20.0,42,0
763,2023-08-11,standard,20.0,63,0
764,2021-03-17,standard,20.0,81,0
765,2021-12-30,standard,20.0,69,0
766,2021-03-14,premium,40.0,111,0
767,2022-03-15,basic,10.0,34,0
768,2023-11-03,standard,20.0,181,0
769,2021-08-15,basic,10.0,46,0
770,2021-06-16,basic,10.0,170,1
771,2022-12-17,standard,20.0,179,1
772,2022-01-01,standard,20.0,22,0
773,2022-07-27,standard,20.0,139,0
774,2023-11-24,basic,10.0,170,0
775,2021-04-16,standard,20.0,66,1
776,2022-08-08,basic,10.0,192,1
777,2023-08-18,standard,20.0,130,0
778,2023-01-29,premium,40.0,188,1
779,2023-12-04,basic,10.0,116,1
780,2021-11-11,standard,20.0,64,0
781,2023-01-01,basic,10.0,119,0
782,2022-12-31,standard,20.0,124,0
783,2023-01-07,basic,10.0,145,1
784,2021-06-28,basic,10.0,52,0
785,2023-04-07,basic,10.0,58,0
786,2022-01-14,standard,20.0,37,0
787,2021-06-03,basic,10.0,55,0
788,2023-09-20,basic,10.0,176,1
789,2022-06-15,standard,20.0,58,0
790,2023-03-10,basic,10.0,174,0
791,2022-02-07,standard,20.0,82,0
792,2022-05-22,basic,10.0,11,0
793,2021-02-13,basic,10.0,173,0
794,2022-05-17,standard,20.0,27,0
795,2022-09-09,basic,10.0,173,0
796,2023-03-24,basic,10.0,33,0
797,2022-09-06,basic,10.0,174,0
798,2022-03-12,premium,40.0,103,0
799,2021-04-09,standard,20.0,70,0
800,2022-04-19,standard,20.0,21,0
801,2023-03-20,premium,40.0,38,0
802,2022-09-14,premium,40.0,126,0
803,2021-08-25,standard,20.0,199,1
804,2022-09-05,premium,40.0,57,0
805,2022-08-22,standard,20.0,45,0
806,2022-05-20,basic,10.0,26,0
807,2022-11-17,basic,10.0,126,0
808,2022-10-24,basic,10.0,66,0
809,2023-05-07,standard,20.0,196,0
810,2021-06-14,basic,10.0,26,0
811,2022-09-09,premium,40.0,82,0
812,2023-03-21,basic,10.0,130,0
813,2022-03-09,premium,40.0,28,0
814,2021-06-27,standard,20.0,160,0
815,2022-07-12,basic,10.0,79,0
816,2023-06-05,basic,10.0,45,0
817,2021-02-27,basic,10.0,7,0
818,2022-09-20,basic,10.0,122,0
819,2021-04-09,basic,10.0,115,0
820,2023-10-22,basic,10.0,1,0
821,2023-02-03,premium,40.0,16,0
822,2022-04-03,basic,10.0,51,0
823,2023-04-18,basic,10.0,186,0
824,2022-12-22,standard,20.0,54,1
825,2023-04-03,basic,10.0,186,1
826,2021-03-22,basic,10.0,58,0
827,2022-09-18,basic,10.0,79,0
828,2021-11-29,basic,10.0,103,0
829,2021-11-30,basic,10.0,40,0
830,2021-06-27,premium,40.0,141,1
831,2022-05-13,premium,40.0,84,1
832,2023-01-02,basic,10.0,173,0
833,2023-01-23,premium,40.0,27,0
834,2021-05-13,standard,20.0,89,1
835,2021-11-06,basic,10.0,110,1
836,2022-06-30,premium,40.0,73,1
837,2021-02-25,basic,10.0,98,0
838,2021-10-04,basic,10.0,26,0
839,2022-02-15,standard,20.0,133,0
840,2021-07-03,basic,10.0,50,0
841,2021-04-29,basic,10.0,117,0
842,2023-06-10,basic,10.0,118,0
843,2022-10-07,basic,10.0,116,0
844,2021-09-24,basic,10.0,186,0
845,2022-06-20,premium,40.0,1,0
846,2021-03-29,standard,20.0,88,0
847,2023-02-24,basic,10.0,118,0
848,2022-03-06,basic,10.0,193,0
849,2022-04-13,basic,10.0,124,0
850,2021-08-19,basic,10.0,28,0
851,2022-12-27,premium,40.0,4,0
852,2023-02-21,basic,10.0,4,0
853,2022-10-10,basic,10.0,56,0
854,2022-11-09,basic,10.0,69,0
855,2023-06-13,premium,40.0,70,0
856,2023-11-06,standard,20.0,157,0
857,2021-10-04,premium,40.0,56,0
858,2023-07-22,basic,10.0,90,0
859,2021-05-22,basic,10.0,192,1
860,2021-12-02,standard,20.0,109,0
861,2023-02-12,basic,10.0,119,0
862,2023-08-01,standard,20.0,79,0
863,2023-01-22,standard,20.0,20,0
864,2021-10-05,premium,40.0,73,0
865,2022-04-14,standard,20.0,108,0
866,2023-07-24,basic,10.0,15,0
867,2022-01-17,premium,40.0,84,0
868,2021-06-08,basic,10.0,47,0
869,2023-02-06,basic,10.0,177,1
870,2023-10-14,standard,20.0,155,0
871,2023-11-01,premium,40.0,160,1
872,2022-09-11,basic,10.0,141,0
873,2022-03-23,basic,10.0,113,0
874,2022-05-16,basic,10.0,97,0
875,2021-03-20,standard,20.0,53,1
876,2022-03-18,basic,10.0,180,1
877,2021-12-09,standard,20.0,47,0
878,2022-02-18,standard,20.0,136,0
879,2023-07-08,premium,40.0,64,0
880,2021-06-22,premium,40.0,21,0
881,2023-05-21,basic,10.0,81,1
882,2022-11-23,standard,20.0,115,0
883,2023-09-21,basic,10.0,102,0
884,2022-01-25,basic,10.0,78,1
885,2021-12-09,basic,10.0,54,0
886,2023-08-23,basic,10.0,73,0
887,2021-05-23,premium,40.0,93,1
888,2021-05-16,basic,10.0,21,1
889,2023-04-22,premium,40.0,101,0
890,2022-05-28,standard,20.0,92,1
891,2022-04-29,standard,20.0,45,1
892,2022-10-03,basic,10.0,71,1
893,2023-02-14,basic,10.0,175,0
894,2023-03-10,premium,40.0,96,0
895,2021-12-30,standard,20.0,28,0
896,2022-12-19,basic,10.0,176,1
897,2021-09-19,basic,10.0,38,1
898,2022-04-13,premium,40.0,119,0
899,2021-10-03,basic,10.0,141,1
900,2023-03-13,standard,20.0,148,1
901,2021-01-20,standard,20.0,118,0
902,2023-02-17,basic,10.0,159,0
903,2023-04-29,basic,10.0,50,0
904,2022-02-22,premium,40.0,6,1
905,2021-02-26,standard,20.0,99,1
906,2022-04-14,premium,40.0,195,0
907,2023-06-26,standard,20.0,197,0
908,2022-01-24,basic,10.0,193,1
909,2022-08-13,basic,10.0,47,0
910,2023-05-02,standard,20.0,57,0
911,2023-12-06,basic,10.0,104,0
912,2021-06-06,basic,10.0,111,0
913,2021-03-29,basic,10.0,94,0
914,2023-06-12,standard,20.0,48,0
915,2023-06-29,standard,20.0,97,0
916,2022-10-06,premium,40.0,68,0
917,2021-09-04,basic,10.0,29,0
918,2022-02-11,standard,20.0,133,0
919,2022-09-10,basic,10.0,172,0
920,2023-10-29,premium,40.0,138,0
921,2021-01-31,standard,20.0,152,0
922,2023-11-15,basic,10.0,183,1
923,2023-05-18,premium,40.0,106,0
924,2023-11-27,basic,10.0,29,0
925,2022-02-23,premium,40.0,91,0
926,2021-04-21,basic,10.0,78,1
927,2023-06-25,standard,20.0,114,0
928,2022-06-22,standard,20.0,93,0
929,2022-04-22,basic,10.0,171,0
930,2023-10-06,basic,10.0,148,0
931,2022-10-30,premium,40.0,148,1
932,2021-01-10,premium,40.0,0,0
933,2023-05-21,premium,40.0,44,0
934,2021-11-25,basic,10.0,48,0
935,2022-07-03,standard,20.0,145,0
936,2022-05-19,basic,10.0,151,0
937,2021-08-20,basic,10.0,167,1
938,2021-11-01,standard,20.0,159,1
939,2022-06-09,premium,40.0,58,0
940,2022-09-18,standard,20.0,53,0
941,2023-04-09,standard,20.0,1,0
942,2022-08-11,basic,10.0,80,0
943,2023-03-31,standard,20.0,15,0
944,2023-07-14,basic,10.0,151,1
945,2021-09-06,basic,10.0,102,0
946,2021-09-20,standard,20.0,149,1
947,2021-03-23,standard,20.0,50,0
948,2023-04-08,basic,10.0,83,0
949,2021-04-14,basic,10.0,30,1
950,2022-06-25,premium,40.0,82,1
951,2023-12-20,basic,10.0,195,0
952,2023-11-23,basic,10.0,32,0
953,2023-03-14,standard,20.0,109,0
954,2023-07-29,basic,10.0,182,1
955,2022-08-05,standard,20.0,95,0
956,2021-01-23,basic,10.0,132,0
957,2021-06-30,standard,20.0,121,1
958,2022-03-14,basic,10.0,166,0
959,2022-06-26,basic,10.0,117,1
960,2021-10-07,standard,20.0,30,0
961,2023-04-19,standard,20.0,39,0
962,2022-06-19,basic,10.0,59,1
963,2022-12-31,basic,10.0,190,0
964,2023-12-27,premium,40.0,161,1
965,2022-10-08,standard,20.0,19,0
966,2022-09-27,basic,10.0,81,0
967,2022-05-08,standard,20.0,11,0
968,2021-03-17,basic,10.0,86,0
969,2021-02-04,basic,10.0,171,0
970,2023-03-30,basic,10.0,9,0
971,2022-06-27,basic,10.0,10,0
972,2021-08-08,basic,10.0,145,1
973,2022-01-12,standard,20.0,72,1
974,2022-05-22,basic,10.0,141,0
975,2021-11-02,standard,20.0,8,0
976,2022-11-28,basic,10.0,52,0
977,2023-11-25,standard,20.0,191,0
978,2023-09-27,basic,10.0,94,0
979,2021-12-16,basic,10.0,83,0
980,2022-01-09,basic,10.0,127,0
981,2023-12-26,standard,20.0,149,1
982,2022-12-30,premium,40.0,84,0
983,2021-04-08,premium,40.0,104,0
984,2021-02-08,standard,20.0,126,0
985,2022-06-19,basic,10.0,185,1
986,2021-03-10,standard,20.0,14,0
987,2023-03-06,standard,20.0,140,0
988,2022-04-11,standard,20.0,64,0
989,2021-03-19,standard,20.0,181,0
990,2022-10-08,basic,10.0,103,0
991,2021-11-07,premium,40.0,97,0
992,2021-11-07,basic,10.0,127,0
993,2023-06-04,standard,20.0,49,0
994,2023-03-25,basic,10.0,160,1
995,2022-08-01,basic,10.0,23,0
996,2021-12-18,basic,10.0,136,0
997,2023-05-11,basic,10.0,53,0
998,2021-10-23,basic,10.0,125,1
999,2023-08-17,basic,10.0,95,0
1000,2023-02-02,premium,40.0,13,0
1001,2022-10-01,standard,20.0,15,0
1002,2023-02-15,premium,40.0,71,0
1003,2023-09-21,standard,20.0,154,0
1004,2023-12-05,basic,10.0,100,0
1005,2022-09-11,basic,10.0,15,0
1006,2021-05-26,basic,10.0,123,1
1007,2023-02-17,basic,10.0,103,0
1008,2021-04-16,basic,10.0,193,0
1009,2022-09-17,basic,10.0,199,1
1010,2023-06-30,standard,20.0,144,0
1011,2023-11-01,standard,20.0,173,0
1012,2021-10-30,standard,20.0,78,1
1013,2023-02-08,basic,10.0,15,0
1014,2023-09-20,basic,10.0,72,0
1015,2022-03-02,standard,20.0,149,0
1016,2022-09-18,basic,10.0,19,0
1017,2023-10-25,standard,20.0,139,0
1018,2022-10-21,premium,40.0,1,0
1019,2022-01-04,standard,20.0,77,0
1020,2021-01-06,basic,10.0,134,1
1021,2021-01-29,standard,20.0,69,0
1022,2022-09-13,basic,10.0,156,0
1023,2021-03-12,premium,40.0,18,0
1024,2023-08-12,basic,10.0,184,0
1025,2021-05-21,standard,20.0,67,0
1026,2023-12-25,standard,20.0,74,0
1027,2023-02-23,basic,10.0,94,0
1028,2022-02-21,standard,20.0,2,0
1029,2022-05-10,basic,10.0,0,0
1030,2021-07-03,standard,20.0,178,1
1031,2021-06-15,standard,20.0,79,0
1032,2023-09-17,standard,20.0,89,0
1033,2021-01-25,standard,20.0,38,0
1034,2022-03-30,premium,40.0,84,0
1035,2022-10-22,basic,10.0,189,0
1036,2022-05-11,standard,20.0,3,0
1037,2023-10-12,basic,10.0,74,0
1038,2022-05-29,basic,10.0,163,0
1039,2023-01-25,basic,10.0,66,0
1040,2022-08-23,basic,10.0,82,0
1041,2023-03-29,premium,40.0,92,0
1042,2021-03-08,premium,40.0,117,0
1043,2023-07-21,basic,10.0,43,0
1044,2021-01-17,standard,20.0,166,1
1045,2021-09-28,standard,20.0,18,0
1046,2023-04-20,standard,20.0,147,1
1047,2022-03-27,standard,20.0,119,0
1048,2022-11-24,basic,10.0,187,1
1049,2022-09-15,premium,40.0,5,0
1050,2022-03-08,standard,20.0,48,1
1051,2023-03-27,basic,10.0,42,0
1052,2022-12-18,basic,10.0,182,1
1053,2021-04-18,basic,10.0,31,0
1054,2023-02-20,standard,20.0,17,0
1055,2021-08-06,basic,10.0,120,0
1056,2021-11-15,basic,10.0,137,0
1057,2023-12-31,standard,20.0,19,0
1058,2022-03-06,standard,20.0,150,0
1059,2022-07-14,premium,40.0,0,0
1060,2021-09-28,standard,20.0,106,1
1061,2022-09-09,premium,40.0,151,0
1062,2021-06-01,standard,20.0,50,0
1063,2021-03-29,basic,10.0,170,0
1064,2022-10-11,standard,20.0,100,0
1065,2022-05-01,basic,10.0,176,0
1066,2023-03-19,basic,10.0,73,0
1067,2021-05-24,standard,20.0,193,0
1068,2022-10-28,standard,20.0,161,1
1069,2021-02-19,standard,20.0,154,1
1070,2021-10-07,basic,10.0,32,0
1071,2021-06-27,standard,20.0,158,0
1072,2022-12-04,basic,10.0,51,1
1073,2021-09-12,premium,40.0,92,0
1074,2022-03-27,premium,40.0,138,0
1075,2022-02-06,basic,10.0,60,0
1076,2022-05-04,basic,10.0,76,0
1077,2023-12-08,premium,40.0,129,1
1078,2021-01-15,standard,20.0,166,0
1079,2022-05-31,basic,10.0,30,1
1080,2023-05-04,basic,10.0,113,1
1081,2022-08-21,standard,20.0,190,1
1082,2023-09-10,basic,10.0,32,0
1083,2022-03-22,basic,10.0,123,1
1084,2021-11-16,standard,20.0,52,0
1085,2022-04-19,basic,10.0,58,0
1086,2022-02-01,basic,10.0,135,1
1087,2021-08-01,basic,10.0,64,0
1088,2022-06-23,standard,20.0,3,0
1089,2023-07-01,basic,10.0,18,0
1090,2022-03-12,premium,40.0,70,0
1091,2023-06-17,standard,20.0,50,1
1092,2022-02-09,standard,20.0,48,0
1093,2023-07-23,standard,20.0,47,0
1094,2023-03-28,basic,10.0,190,0
1095,2022-10-15,premium,40.0,41,0
1096,2022-12-17,standard,20.0,18,0
1097,2021-11-20,standard,20.0,57,0
1098,2021-12-18,premium,40.0,146,1
1099,2022-04-02,basic,10.0,43,0
1100,2022-11-26,basic,10.0,24,0
1101,2022-03-05,basic,10.0,32,1
1102,2023-01-19,standard,20.0,45,1
1103,2022-03-09,standard,20.0,55,0
1104,2022-04-27,standard,20.0,177,0
1105,2023-02-23,standard,20.0,118,0
1106,2021-10-13,basic,10.0,33,0
1107,2023-10-11,basic,10.0,140,1
1108,2023-08-03,standard,20.0,115,0
1109,2023-05-18,standard,20.0,95,0
1110,2021-01-07,premium,40.0,102,0
1111,2021-06-08,basic,10.0,35,0
1112,2023-02-27,standard,20.0,117,0
1113,2022-10-06,basic,10.0,153,0
1114,2023-06-05,basic,10.0,124,0
1115,2021-01-07,standard,20.0,52,0
1116,2021-08-19,premium,40.0,34,0
1117,2021-11-20,basic,10.0,15,1
1118,2022-09-17,standard,20.0,135,0
1119,2022-08-10,standard,20.0,169,0
1120,2023-12-12,standard,20.0,189,1
1121,2022-05-12,basic,10.0,106,1
1122,2021-11-27,basic,10.0,165,0
1123,2023-02-02,basic,10.0,93,0
1124,2022-11-05,basic,10.0,2,0
1125,2022-08-09,standard,20.0,119,0
1126,2022-03-30,basic,10.0,135,0
1127,2021-01-23,basic,10.0,167,0
1128,2022-04-28,standard,20.0,11,1
1129,2022-09-08,premium,40.0,139,1
1130,2023-04-05,standard,20.0,104,0
1131,2022-05-07,basic,10.0,34,0
1132,2022-08-20,standard,20.0,145,1
1133,2023-03-01,basic,10.0,38,0
1134,2021-10-31,basic,10.0,19,0
1135,2022-01-19,standard,20.0,143,0
1136,2023-03-23,standard,20.0,165,1
1137,2023-06-11,basic,10.0,61,0
1138,2022-09-05,standard,20.0,176,1
1139,2023-06-10,basic,10.0,54,0
1140,2021-12-04,premium,40.0,114,0
1141,2023-11-05,premium,40.0,13,0
1142,2022-10-16,basic,10.0,45,0
1143,2023-05-12,basic,10.0,187,0
1144,2023-03-24,standard,20.0,42,0
1145,2023-08-11,premium,40.0,122,0
1146,2021-03-12,standard,20.0,57,0
1147,2021-04-07,premium,40.0,75,0
1148,2021-07-01,basic,10.0,34,1
1149,2023-01-20,standard,20.0,4,0
1150,2022-01-22,basic,10.0,189,1
1151,2022-05-25,basic,10.0,152,0
1152,2021-09-30,basic,10.0,49,1
1153,2023-12-19,premium,40.0,42,0
1154,2022-09-13,basic,10.0,126,0
1155,2023-11-06,standard,20.0,61,0
1156,2021-02-23,standard,20.0,44,1
1157,2022-11-25,basic,10.0,29,0
1158,2023-10-02,basic,10.0,3,0
1159,2023-09-03,basic,10.0,170,1
1160,2023-03-17,basic,10.0,54,0
1161,2021-07-24,basic,10.0,89,0
1162,2022-04-05,standard,20.0,116,0
1163,2023-08-28,basic,10.0,121,0
1164,2021-06-16,basic,10.0,150,0
1165,2021-04-25,standard,20.0,185,0
1166,2021-03-10,basic,10.0,96,1
1167,2021-07-28,premium,40.0,176,0
1168,2023-03-21,basic,10.0,25,0
1169,2022-08-02,basic,10.0,0,0
1170,2022-09-13,basic,10.0,22,0
1171,2022-08-30,basic,10.0,155,1
1172,2022-03-31,basic,10.0,114,1
1173,2021-09-21,premium,40.0,11,0
1174,2021-12-10,basic,10.0,51,0
1175,2022-03-08,premium,40.0,15,0
1176,2021-03-01,basic,10.0,105,1
1177,2022-11-16,basic,10.0,60,0
1178,2023-04-11,basic,10.0,39,0
1179,2021-02-11,basic,10.0,133,0
1180,2021-08-19,standard,20.0,95,0
1181,2022-12-07,premium,40.0,3,0
1182,2021-10-21,standard,20.0,81,0
1183,2021-04-06,standard,20.0,72,1
1184,2021-09-13,standard,20.0,9,0
1185,2023-11-13,basic,10.0,86,0
1186,2022-09-13,basic,10.0,37,0
1187,2023-10-09,standard,20.0,108,0
1188,2021-11-14,basic,10.0,146,0
1189,2023-08-06,basic,10.0,106,0
1190,2021-04-30,standard,20.0,83,0
1191,2023-05-25,standard,20.0,45,0
1192,2023-08-14,basic,10.0,76,0
1193,2021-03-13,basic,10.0,162,0
1194,2021-07-09,basic,10.0,133,0
1195,2022-11-09,basic,10.0,16,1
1196,2021-08-25,standard,20.0,54,0
1197,2023-06-25,basic,10.0,89,0
1198,2023-03-22,basic,10.0,143,1
1199,2023-07-06,standard,20.0,50,0
1200,2022-05-18,standard,20.0,3,0
1201,2023-08-29,basic,10.0,29,0
1202,2023-10-21,basic,10.0,36,0
1203,2023-06-24,basic,10.0,39,0
1204,2023-09-07,basic,10.0,169,1
1205,2023-09-11,basic,10.0,156,0
1206,2022-09-07,basic,10.0,129,0
1207,2021-01-15,basic,10.0,113,0
1208,2021-06-29,standard,20.0,110,0
1209,2022-02-13,basic,10.0,159,1
1210,2021-12-04,basic,10.0,3,0
1211,2023-04-19,basic,10.0,142,0
1212,2022-12-28,basic,10.0,141,1
1213,2022-04-10,standard,20.0,43,0
1214,2021-11-22,basic,10.0,76,0
1215,2023-02-12,basic,10.0,68,0
1216,2022-07-16,basic,10.0,6,0
1217,2021-09-25,standard,20.0,46,0
1218,2021-05-14,premium,40.0,10,0
1219,2023-09-18,basic,10.0,97,0
1220,2022-09-07,premium,40.0,2,1
1221,2023-06-04,basic,10.0,61,1
1222,2023-10-29,basic,10.0,73,0
1223,2023-06-01,premium,40.0,128,0
1224,2022-11-13,basic,10.0,114,0
1225,2021-11-22,basic,10.0,96,1
1226,2021-11-11,basic,10.0,94,0
1227,2021-12-31,premium,40.0,17,0
1228,2021-05-07,basic,10.0,104,1
1229,2023-11-24,basic,10.0,183,0
1230,2022-10-17,basic,10.0,125,1
1231,2021-10-18,premium,40.0,116,0
1232,2022-08-27,premium,40.0,61,1
1233,2023-10-16,standard,20.0,148,0
1234,2023-04-08,basic,10.0,119,0
1235,2023-02-12,standard,20.0,122,1
1236,2021-01-03,premium,40.0,62,1
1237,2023-12-05,standard,20.0,52,0
1238,2021-06-16,standard,20.0,51,0
1239,2023-09-02,basic,10.0,101,0
1240,2022-11-05,basic,10.0,24,0
1241,2022-04-15,basic,10.0,46,1
1242,2022-09-22,premium,40.0,19,0
1243,2022-03-15,basic,10.0,78,1
1244,2023-02-09,basic,10.0,107,0
1245,2022-04-11,basic,10.0,151,0
1246,2023-09-06,basic,10.0,132,1
1247,2023-10-23,basic,10.0,66,0
1248,2023-04-21,standard,20.0,37,0
1249,2022-01-15,standard,20.0,103,0
1250,2022-10-31,premium,40.0,90,1
1251,2022-06-09,basic,10.0,50,0
1252,2023-12-25,basic,10.0,146,1
1253,2021-06-03,basic,10.0,141,0
1254,2022-01-04,standard,20.0,76,0
1255,2022-11-13,basic,10.0,25,0
1256,2021-09-21,basic,10.0,128,0
1257,2022-03-11,basic,10.0,193,0
1258,2021-10-22,basic,10.0,141,0
1259,2021-02-18,basic,10.0,47,0
1260,2022-11-19,premium,40.0,21,1
1261,2022-10-05,basic,10.0,73,0
1262,2021-05-11,basic,10.0,194,1
1263,2022-11-23,premium,40.0,74,0
1264,2022-03-23,standard,20.0,153,0
1265,2021-08-26,basic,10.0,149,1
1266,2022-01-13,basic,10.0,172,0
1267,2021-10-23,basic,10.0,162,0
1268,2021-05-11,basic,10.0,26,0
1269,2021-09-19,standard,20.0,79,1
1270,2023-06-27,standard,20.0,86,0
1271,2021-01-03,basic,10.0,3,0
1272,2023-07-03,basic,10.0,138,1
1273,2022-05-23,basic,10.0,6,0
1274,2021-10-03,standard,20.0,51,0
1275,2021-07-17,standard,20.0,197,0
1276,2021-04-08,basic,10.0,23,0
1277,2022-06-30,basic,10.0,169,1
1278,2022-11-18,standard,20.0,156,0
1279,2022-06-27,premium,40.0,178,0
1280,2021-08-12,premium,40.0,185,0
1281,2021-06-19,standard,20.0,117,0
1282,2022-10-01,basic,10.0,22,0
1283,2021-06-28,standard,20.0,176,0
1284,2022-03-04,basic,10.0,184,1
1285,2022-09-01,premium,40.0,56,0
1286,2023-08-01,basic,10.0,129,0
1287,2021-06-10,basic,10.0,97,1
1288,2021-12-08,standard,20.0,40,0
1289,2022-12-13,basic,10.0,170,1
1290,2022-07-24,basic,10.0,54,0
1291,2023-01-20,basic,10.0,145,1
1292,2021-03-31,standard,20.0,163,0
1293,2021-09-25,basic,10.0,19,0
1294,2022-02-04,basic,10.0,141,1
1295,2023-08-12,premium,40.0,78,1
1296,2023-09-16,standard,20.0,30,0
1297,2021-09-18,standard,20.0,79,0
1298,2021-06-09,standard,20.0,122,0
1299,2021-08-08,basic,10.0,125,0
1300,2023-04-05,standard,20.0,31,0
1301,2021-11-06,premium,40.0,11,0
1302,2022-05-09,standard,20.0,105,0
1303,2022-01-24,standard,20.0,58,0
1304,2022-09-10,basic,10.0,82,0
1305,2023-09-02,standard,20.0,20,0
1306,2023-09-07,basic,10.0,71,1
1307,2022-10-27,standard,20.0,117,1
1308,2023-09-14,basic,10.0,42,0
1309,2023-04-06,standard,20.0,120,1
1310,2022-04-23,basic,10.0,108,0
1311,2022-12-27,basic,10.0,83,0
1312,2023-12-25,standard,20.0,193,0
1313,2021-07-06,standard,20.0,146,1
1314,2021-11-08,basic,10.0,113,0
1315,2023-03-06,standard,20.0,179,0
1316,2021-09-02,standard,20.0,67,0
1317,2022-05-28,basic,10.0,144,0
1318,2022-11-06,standard,20.0,21,0
1319,2021-04-29,standard,20.0,88,0
1320,2022-10-09,basic,10.0,175,0
1321,2023-06-19,premium,40.0,42,1
1322,2022-07-25,standard,20.0,16,0
1323,2023-12-02,standard,20.0,154,0
1324,2021-12-03,basic,10.0,77,0
1325,2022-02-07,basic,10.0,34,0
1326,2022-04-20,basic,10.0,93,0
1327,2023-01-30,basic,10.0,111,0
1328,2022-08-22,premium,40.0,13,0
1329,2022-12-03,basic,10.0,155,0
1330,2021-01-30,premium,40.0,74,1
1331,2021-11-25,standard,20.0,157,0
1332,2021-03-13,basic,10.0,139,1
1333,2022-12-27,basic,10.0,51,0
1334,2021-02-12,basic,10.0,14,0
1335,2022-11-06,basic,10.0,15,0
1336,2023-07-08,premium,40.0,76,1
1337,2023-04-29,standard,20.0,191,0
1338,2022-11-10,standard,20.0,0,0
1339,2023-05-31,premium,40.0,22,0
1340,2021-12-10,standard,20.0,79,0
1341,2022-12-17,standard,20.0,60,0
1342,2022-09-22,basic,10.0,70,1
1343,2022-05-09,standard,20.0,38,0
1344,2023-08-19,basic,10.0,183,0
1345,2022-06-05,basic,10.0,15,0
1346,2021-04-20,standard,20.0,2,0
1347,2022-07-02,basic,10.0,136,1
1348,2021-08-03,standard,20.0,101,0
1349,2023-10-29,basic,10.0,87,1
1350,2021-12-28,basic,10.0,112,0
1351,2023-02-19,basic,10.0,87,0
1352,2022-05-17,basic,10.0,104,0
1353,2021-02-04,basic,10.0,84,1
1354,2022-01-28,basic,10.0,189,0
1355,2023-10-31,standard,20.0,166,0
1356,2023-07-19,premium,40.0,143,0
1357,2022-10-03,premium,40.0,121,0
1358,2022-08-21,basic,10.0,129,1
1359,2022-01-30,standard,20.0,100,1
1360,2021-03-25,basic,10.0,11,0
1361,2023-10-04,premium,40.0,70,1
1362,2021-10-15,basic,10.0,30,0
1363,2021-03-28,basic,10.0,118,0
1364,2022-07-10,standard,20.0,143,0
1365,2021-04-07,premium,40.0,53,1
1366,2023-04-12,basic,10.0,177,0
1367,2022-12-12,premium,40.0,2,0
1368,2022-11-20,basic,10.0,36,1
1369,2023-04-22,standard,20.0,144,1
1370,2023-12-27,basic,10.0,122,0
1371,2021-10-12,basic,10.0,40,1
1372,2021-12-20,standard,20.0,185,0
1373,2022-08-16,standard,20.0,177,1
1374,2022-11-10,basic,10.0,52,0
1375,2021-01-30,basic,10.0,9,0
1376,2023-11-17,basic,10.0,3,0
1377,2022-07-20,standard,20.0,190,1
1378,2022-05-06,standard,20.0,91,0
1379,2022-11-12,basic,10.0,47,1
1380,2021-06-26,standard,20.0,61,0
1381,2022-04-27,standard,20.0,162,0
1382,2021-09-09,basic,10.0,71,0
1383,2021-01-14,basic,10.0,110,0
1384,2022-03-18,standard,20.0,24,0
1385,2021-05-29,basic,10.0,188,1
1386,2021-05-17,basic,10.0,148,0
1387,2021-06-03,basic,10.0,38,0
1388,2022-06-05,basic,10.0,17,0
1389,2023-05-25,basic,10.0,21,0
1390,2023-11-29,basic,10.0,161,0
1391,2023-05-31,basic,10.0,62,0
1392,2023-08-20,standard,20.0,116,1
1393,2022-08-05,standard,20.0,119,0
1394,2022-10-15,basic,10.0,36,0
1395,2022-10-04,basic,10.0,196,0
1396,2023-10-23,basic,10.0,133,0
1397,2022-01-12,basic,10.0,90,0
1398,2022-11-20,standard,20.0,2,0
1399,2023-11-16,standard,20.0,8,0
1400,2021-03-30,standard,20.0,188,0
1401,2023-03-31,standard,20.0,131,0
1402,2022-12-18,standard,20.0,164,0
1403,2023-05-30,standard,20.0,149,0
1404,2022-10-07,standard,20.0,190,1
1405,2022-12-19,standard,20.0,28,0
1406,2022-12-08,standard,20.0,3,0
1407,2022-05-12,basic,10.0,43,1
1408,2021-10-12,premium,40.0,35,0
1409,2021-12-29,premium,40.0,4,0
1410,2023-03-14,standard,20.0,182,1
1411,2022-11-12,standard,20.0,13,0
1412,2022-08-08,basic,10.0,36,0
1413,2021-06-23,basic,10.0,40,1
1414,2023-11-25,basic,10.0,91,1
1415,2022-09-23,basic,10.0,184,1
1416,2021-05-21,premium,40.0,25,0
1417,2023-08-25,basic,10.0,181,0
1418,2022-07-30,basic,10.0,182,1
1419,2022-06-08,premium,40.0,77,0
1420,2023-07-23,basic,10.0,67,0
1421,2022-02-16,standard,20.0,111,0
1422,2021-07-03,standard,20.0,126,0
1423,2021-07-05,basic,10.0,96,1
1424,2023-04-26,basic,10.0,6,0
1425,2021-09-11,basic,10.0,108,0
1426,2023-10-21,standard,20.0,101,0
1427,2023-09-14,premium,40.0,5,0
1428,2023-03-20,basic,10.0,158,0
1429,2023-07-03,standard,20.0,72,0
1430,2022-12-17,standard,20.0,46,0
1431,2023-09-08,standard,20.0,100,0
1432,2021-08-25,basic,10.0,61,0
1433,2021-09-22,standard,20.0,51,0
1434,2023-10-14,premium,40.0,32,0
1435,2021-08-26,standard,20.0,99,0
1436,2021-04-01,standard,20.0,101,0
1437,2021-01-08,basic,10.0,98,0
1438,2022-02-05,standard,20.0,19,0
1439,2022-06-06,premium,40.0,17,0
1440,2021-03-03,basic,10.0,192,0
1441,2022-11-15,basic,10.0,126,1
1442,2022-05-27,basic,10.0,56,0
1443,2023-02-07,basic,10.0,132,0
1444,2023-03-18,standard,20.0,88,1
1445,2021-09-02,basic,10.0,88,0
1446,2022-07-04,basic,10.0,55,1
1447,2023-03-21,standard,20.0,116,0
1448,2021-09-14,basic,10.0,88,0
1449,2023-11-17,premium,40.0,7,0
1450,2022-11-22,basic,10.0,59,0
1451,2021-09-15,basic,10.0,23,0
1452,2023-03-20,basic,10.0,196,0
1453,2021-06-11,standard,20.0,73,0
1454,2021-10-05,standard,20.0,55,0
1455,2021-05-24,premium,40.0,114,0
1456,2021-12-26,basic,10.0,54,0
1457,2021-01-16,standard,20.0,107,0
1458,2021-08-14,basic,10.0,182,0
1459,2022-04-24,standard,20.0,117,0
1460,2022-05-12,premium,40.0,166,0
1461,2023-06-06,basic,10.0,7,0
1462,2021-03-06,basic,10.0,41,1
1463,2022-02-24,basic,10.0,59,0
1464,2022-04-02,premium,40.0,152,1
1465,2021-07-30,premium,40.0,76,1
1466,2021-04-03,standard,20.0,34,0
1467,2023-12-24,premium,40.0,57,0
1468,2021-10-13,basic,10.0,2,0
1469,2021-03-15,standard,20.0,154,0
1470,2023-12-22,standard,20.0,163,0
1471,2022-09-20,basic,10.0,17,0
1472,2021-03-17,basic,10.0,160,0
1473,2023-09-16,standard,20.0,35,0
1474,2021-11-20,basic,10.0,92,0
1475,2022-04-02,basic,10.0,47,0
1476,2022-02-21,basic,10.0,141,0
1477,2021-07-27,basic,10.0,105,0
1478,2023-06-29,premium,40.0,72,0
1479,2021-06-07,standard,20.0,93,0
1480,2021-05-05,basic,10.0,11,0
1481,2021-12-30,basic,10.0,171,0
1482,2023-10-13,basic,10.0,83,0
1483,2021-09-28,basic,10.0,101,0
1484,2023-03-02,standard,20.0,137,0
1485,2023-12-31,premium,40.0,79,0
1486,2023-09-11,standard,20.0,154,1
1487,2022-09-23,basic,10.0,154,0
1488,2023-06-17,standard,20.0,81,1
1489,2021-03-11,basic,10.0,96,1
1490,2022-10-06,standard,20.0,194,0
1491,2023-11-27,basic,10.0,88,0
1492,2021-02-28,basic,10.0,101,0
1493,2021-04-03,basic,10.0,177,1
1494,2023-09-17,basic,10.0,39,0
1495,2023-10-06,basic,10.0,123,1
1496,2022-10-01,standard,20.0,13,0
1497,2022-07-08,basic,10.0,57,1
1498,2021-07-05,premium,40.0,3,0
1499,2023-12-03,standard,20.0,131,1
1500,2023-11-10,standard,20.0,125,0
1501,2023-03-19,premium,40.0,11,0
1502,2021-06-29,premium,40.0,27,0
1503,2022-11-06,standard,20.0,132,0
1504,2021-08-03,standard,20.0,101,0
1505,2023-01-28,basic,10.0,32,0
1506,2022-10-25,standard,20.0,70,0
1507,2021-06-24,basic,10.0,0,0
1508,2023-03-19,basic,10.0,105,0
1509,2023-06-25,basic,10.0,55,0
1510,2021-05-25,premium,40.0,174,0
1511,2022-04-19,basic,10.0,139,1
1512,2022-03-08,basic,10.0,157,0
1513,2022-08-29,premium,40.0,138,0
1514,2022-05-07,standard,20.0,46,1
1515,2022-05-23,standard,20.0,174,1
1516,2022-05-17,basic,10.0,82,0
1517,2022-08-11,basic,10.0,146,1
1518,2022-06-09,basic,10.0,124,0
1519,2021-03-08,basic,10.0,186,0
1520,2022-05-10,standard,20.0,111,0
1521,2023-07-29,basic,10.0,147,0
1522,2021-01-20,premium,40.0,74,0
1523,2021-04-09,premium,40.0,111,0
1524,2023-10-21,standard,20.0,67,0
1525,2021-09-28,basic,10.0,20,0
1526,2022-09-25,standard,20.0,141,0
1527,2021-11-26,basic,10.0,60,0
1528,2023-02-13,standard,20.0,120,0
1529,2022-07-04,standard,20.0,131,0
1530,2022-12-27,premium,40.0,12,1
1531,2023-02-06,basic,10.0,177,1
1532,2023-11-14,basic,10.0,2,0
1533,2023-02-07,premium,40.0,48,1
1534,2022-08-30,basic,10.0,117,1
1535,2022-06-12,basic,10.0,5,0
1536,2022-01-22,basic,10.0,61,0
1537,2022-11-15,premium,40.0,42,0
1538,2023-04-05,standard,20.0,64,0
1539,2021-09-01,standard,20.0,195,1
1540,2021-07-19,basic,10.0,148,0
1541,2022-02-16,standard,20.0,132,0
1542,2022-10-13,basic,10.0,190,0
1543,2022-06-26,basic,10.0,195,1
1544,2023-03-20,basic,10.0,91,1
1545,2022-07-05,premium,40.0,3,0
1546,2022-09-16,standard,20.0,164,0
1547,2021-07-29,basic,10.0,173,1
1548,2023-07-11,premium,40.0,184,0
1549,2021-10-12,premium,40.0,67,0
1550,2021-06-07,standard,20.0,139,0
1551,2021-07-03,basic,10.0,178,0
1552,2023-06-11,standard,20.0,191,0
1553,2022-05-21,premium,40.0,126,0
1554,2023-10-30,basic,10.0,50,0
1555,2022-03-15,basic,10.0,169,1
1556,2023-07-20,premium,40.0,188,0
1557,2023-12-21,basic,10.0,179,1
1558,2022-02-21,standard,20.0,101,0
1559,2021-12-26,basic,10.0,9,0
1560,2021-06-17,standard,20.0,59,0
1561,2022-12-18,basic,10.0,88,0
1562,2022-10-16,basic,10.0,6,1
1563,2021-04-21,basic,10.0,94,1
1564,2021-10-12,premium,40.0,54,0
1565,2021-07-20,standard,20.0,35,1
1566,2023-02-07,basic,10.0,166,1
1567,2021-07-12,basic,10.0,92,0
1568,2021-12-12,standard,20.0,48,0
1569,2023-06-20,standard,20.0,47,0
1570,2023-02-27,basic,10.0,26,0
1571,2022-05-03,basic,10.0,101,0
1572,2022-03-04,standard,20.0,17,0
1573,2022-10-06,standard,20.0,100,0
1574,2022-06-05,premium,40.0,14,1
1575,2023-06-29,basic,10.0,2,0
1576,2023-09-25,basic,10.0,6,0
1577,2022-02-12,standard,20.0,156,1
1578,2022-03-12,premium,40.0,152,0
1579,2023-01-04,standard,20.0,166,1
1580,2021-02-27,basic,10.0,36,0
1581,2023-06-26,basic,10.0,82,1
1582,2023-11-20,basic,10.0,52,1
1583,2021-01-22,standard,20.0,62,0
1584,2021-06-30,standard,20.0,198,0
1585,2021-02-25,standard,20.0,189,0
1586,2021-11-16,standard,20.0,82,0
1587,2022-04-14,basic,10.0,27,0
1588,2023-04-18,premium,40.0,99,0
1589,2023-05-09,basic,10.0,82,0
1590,2021-01-01,basic,10.0,80,1
1591,2021-06-04,standard,20.0,37,0
1592,2023-04-11,basic,10.0,90,0
1593,2021-05-15,basic,10.0,68,0
1594,2022-06-23,standard,20.0,139,1
1595,2022-08-11,premium,40.0,18,0
1596,2023-01-04,basic,10.0,49,0
1597,2022-06-12,standard,20.0,87,1
1598,2022-01-04,premium,40.0,194,1
1599,2023-08-04,basic,10.0,82,0
1600,2021-11-29,standard,20.0,65,0
1601,2023-09-21,premium,40.0,65,0
1602,2023-11-12,standard,20.0,28,0
1603,2021-10-09,basic,10.0,21,0
1604,2023-09-07,basic,10.0,69,0
1605,2021-04-10,standard,20.0,156,0
1606,2022-12-01,basic,10.0,106,1
1607,2023-08-15,premium,40.0,182,0
1608,2022-01-17,basic,10.0,171,1
1609,2022-04-16,standard,20.0,115,1
1610,2021-04-20,basic,10.0,92,0
1611,2023-10-12,standard,20.0,13,0
1612,2021-03-14,basic,10.0,176,0
1613,2023-12-13,basic,10.0,193,0
1614,2021-10-27,standard,20.0,46,0
1615,2022-08-30,standard,20.0,108,1
1616,2023-03-16,standard,20.0,188,0
1617,2022-07-18,basic,10.0,193,1
1618,2021-10-10,basic,10.0,73,0
1619,2023-10-06,standard,20.0,160,0
1620,2021-10-10,standard,20.0,79,0
1621,2022-06-07,basic,10.0,8,0
1622,2022-08-01,standard,20.0,134,1
1623,2021-08-28,standard,20.0,160,1
1624,2023-04-23,basic,10.0,185,1
1625,2023-07-22,standard,20.0,112,1
1626,2023-12-11,basic,10.0,170,1
1627,2023-06-27,premium,40.0,136,0
1628,2023-11-18,standard,20.0,104,0
1629,2022-12-06,standard,20.0,159,1
1630,2022-09-17,premium,40.0,17,0
1631,2023-07-17,basic,10.0,113,0
1632,2022-12-09,standard,20.0,149,1
1633,2023-07-08,basic,10.0,78,0
1634,2022-01-01,standard,20.0,175,1
1635,2021-06-12,premium,40.0,193,1
1636,2021-06-13,basic,10.0,82,1
1637,2023-11-29,basic,10.0,48,0
1638,2022-11-20,basic,10.0,14,0
1639,2023-11-06,standard,20.0,191,1
1640,2021-06-18,basic,10.0,136,1
1641,2022-12-04,standard,20.0,74,0
1642,2023-09-02,basic,10.0,55,0
1643,2023-12-15,premium,40.0,97,0
1644,2021-06-11,basic,10.0,6,1
1645,2021-05-29,basic,10.0,55,0
1646,2023-01-02,basic,10.0,145,0
1647,2022-03-14,basic,10.0,46,0
1648,2021-03-01,standard,20.0,121,1
1649,2023-07-20,basic,10.0,32,0
1650,2023-01-23,basic,10.0,89,0
1651,2022-01-19,basic,10.0,172,1
1652,2021-08-05,standard,20.0,118,0
1653,2022-10-08,standard,20.0,71,0
1654,2022-12-19,basic,10.0,42,0
1655,2021-11-26,basic,10.0,11,0
1656,2023-07-09,premium,40.0,140,0
1657,2023-09-23,basic,10.0,192,1
1658,2021-01-29,standard,20.0,69,1
1659,2023-10-06,standard,20.0,24,1
1660,2022-01-15,standard,20.0,38,0
1661,2021-11-19,basic,10.0,65,0
1662,2021-05-24,standard,20.0,178,0
1663,2022-02-15,standard,20.0,58,1
1664,2021-10-23,basic,10.0,53,0
1665,2021-12-30,standard,20.0,30,0
1666,2022-01-18,standard,20.0,148,0
1667,2022-10-16,basic,10.0,64,0
1668,2023-11-30,standard,20.0,81,0
1669,2022-02-19,basic,10.0,188,1
1670,2022-02-04,standard,20.0,170,0
1671,2021-03-13,basic,10.0,10,0
1672,2023-01-27,basic,10.0,152,1
1673,2022-06-07,standard,20.0,113,0
1674,2021-10-24,basic,10.0,19,0
1675,2022-07-29,basic,10.0,120,0
1676,2021-09-28,basic,10.0,142,0
1677,2023-03-28,standard,20.0,182,1
1678,2022-03-07,standard,20.0,184,0
1679,2022-01-22,premium,40.0,195,0
1680,2022-11-05,basic,10.0,176,0
1681,2023-10-01,basic,10.0,90,1
1682,2022-10-08,basic,10.0,76,0
1683,2022-01-04,premium,40.0,40,0
1684,2022-03-14,basic,10.0,170,1
1685,2022-11-05,standard,20.0,155,0
1686,2021-07-19,basic,10.0,18,0
1687,2023-09-20,basic,10.0,88,0
1688,2023-07-01,standard,20.0,181,0
1689,2021-08-07,standard,20.0,165,0
1690,2022-09-04,basic,10.0,197,0
1691,2021-03-10,basic,10.0,85,0
1692,2022-10-13,standard,20.0,71,0
1693,2021-03-19,basic,10.0,7,0
1694,2023-03-10,basic,10.0,141,0
1695,2021-03-12,basic,10.0,16,0
1696,2021-08-20,basic,10.0,61,0
1697,2021-06-15,standard,20.0,134,0
1698,2023-11-08,standard,20.0,151,0
1699,2021-03-30,basic,10.0,13,0
1700,2023-05-17,basic,10.0,16,1
1701,2023-07-24,premium,40.0,199,1
1702,2023-05-22,basic,10.0,50,0
1703,2023-08-29,standard,20.0,70,0
1704,2023-03-30,standard,20.0,157,1
1705,2021-01-04,basic,10.0,8,0
1706,2021-08-13,standard,20.0,115,0
1707,2022-08-21,premium,40.0,68,1
1708,2022-12-15,standard,20.0,3,0
1709,2022-12-08,basic,10.0,53,0
1710,2021-09-24,premium,40.0,181,1
1711,2022-12-26,basic,10.0,153,0
1712,2022-08-03,basic,10.0,187,1
1713,2022-01-12,standard,20.0,3,0
1714,2023-09-03,standard,20.0,70,0
1715,2023-01-15,basic,10.0,191,1
1716,2022-08-08,basic,10.0,37,0
1717,2021-03-27,premium,40.0,195,0
1718,2021-03-14,standard,20.0,166,0
1719,2023-07-10,standard,20.0,152,1
1720,2023-03-27,standard,20.0,33,0
1721,2023-10-11,basic,10.0,158,0
1722,2023-12-04,standard,20.0,116,0
1723,2023-11-27,basic,10.0,89,0
1724,2023-05-06,basic,10.0,168,1
1725,2022-12-21,basic,10.0,6,0
1726,2022-12-29,standard,20.0,21,0
1727,2022-09-01,premium,40.0,4,0
1728,2021-03-24,premium,40.0,171,1
1729,2021-09-11,basic,10.0,27,0
1730,2021-11-09,basic,10.0,61,0
1731,2023-06-26,basic,10.0,79,1
1732,2021-02-24,basic,10.0,162,0
1733,2022-05-31,basic,10.0,74,0
1734,2022-03-24,premium,40.0,45,0
1735,2022-09-25,basic,10.0,117,0
1736,2022-11-29,basic,10.0,89,0
1737,2021-09-27,basic,10.0,96,0
1738,2023-06-18,basic,10.0,117,0
1739,2022-08-03,basic,10.0,60,0
1740,2022-02-20,premium,40.0,132,0
1741,2022-07-30,basic,10.0,167,0
1742,2022-02-12,basic,10.0,105,0
1743,2023-05-02,standard,20.0,173,1
1744,2021-08-03,premium,40.0,123,0
1745,2021-02-14,basic,10.0,94,0
1746,2021-02-25,basic,10.0,51,0
1747,2021-08-16,standard,20.0,184,0
1748,2023-01-27,standard,20.0,45,0
1749,2021-12-06,premium,40.0,22,1
1750,2022-04-24,standard,20.0,182,0
1751,2022-05-10,standard,20.0,48,0
1752,2022-09-24,basic,10.0,9,0
1753,2023-01-08,basic,10.0,183,0
1754,2023-02-07,basic,10.0,198,0
1755,2022-12-11,basic,10.0,167,0
1756,2022-03-15,basic,10.0,152,1
1757,2022-05-23,basic,10.0,135,1
1758,2023-07-20,premium,40.0,139,1
1759,2022-09-01,basic,10.0,188,0
1760,2022-06-11,premium,40.0,79,0
1761,2021-01-19,premium,40.0,181,0
1762,2022-08-14,standard,20.0,107,0
1763,2023-09-20,standard,20.0,101,0
1764,2023-06-13,standard,20.0,65,0
1765,2022-10-08,standard,20.0,134,0
1766,2021-11-24,basic,10.0,184,1
1767,2021-03-05,basic,10.0,82,0
1768,2023-03-13,basic,10.0,10,1
1769,2023-08-27,premium,40.0,24,0
1770,2021-10-25,basic,10.0,194,1
1771,2023-07-31,basic,10.0,77,1
1772,2023-04-14,standard,20.0,172,0
1773,2021-02-28,standard,20.0,38,1
1774,2022-11-03,basic,10.0,110,1
1775,2022-04-19,basic,10.0,96,0
1776,2023-11-14,basic,10.0,160,0
1777,2023-07-14,premium,40.0,95,1
1778,2022-06-03,basic,10.0,20,0
1779,2023-10-09,basic,10.0,190,0
1780,2023-03-08,standard,20.0,107,0
1781,2022-06-16,basic,10.0,26,0
1782,2021-03-12,basic,10.0,135,0
1783,2023-10-02,premium,40.0,88,1
1784,2023-02-23,basic,10.0,147,0
1785,2021-08-16,premium,40.0,118,0
1786,2022-08-16,standard,20.0,146,1
1787,2021-10-13,premium,40.0,58,0
1788,2021-09-10,standard,20.0,131,0
1789,2021-03-16,basic,10.0,12,0
1790,2023-05-28,premium,40.0,54,0
1791,2021-07-25,basic,10.0,116,0
1792,2021-08-04,basic,10.0,40,0
1793,2023-05-08,basic,10.0,145,1
1794,2022-07-07,basic,10.0,121,1
1795,2021-05-12,basic,10.0,69,0
1796,2022-12-07,standard,20.0,8,0
1797,2022-08-01,premium,40.0,159,1
1798,2021-04-08,basic,10.0,4,0
1799,2023-05-24,basic,10.0,2,0
1800,2022-09-13,basic,10.0,28,0
1801,2023-07-17,standard,20.0,126,0
1802,2021-05-06,basic,10.0,33,1
1803,2021-10-31,standard,20.0,105,1
1804,2023-09-26,standard,20.0,62,0
1805,2023-12-23,standard,20.0,55,0
1806,2021-09-03,basic,10.0,77,0
1807,2021-08-15,basic,10.0,0,0
1808,2022-09-21,basic,10.0,104,0
1809,2022-05-02,basic,10.0,142,0
1810,2023-10-25,standard,20.0,77,1
1811,2023-12-01,premium,40.0,57,0
1812,2022-05-03,basic,10.0,116,0
1813,2022-10-27,basic,10.0,54,0
1814,2021-01-13,basic,10.0,195,0
1815,2021-07-26,standard,20.0,6,0
1816,2022-02-22,premium,40.0,71,0
1817,2022-03-13,standard,20.0,30,0
1818,2022-10-13,standard,20.0,109,0
1819,2021-12-12,basic,10.0,192,0
1820,2022-08-16,basic,10.0,190,0
1821,2021-12-27,basic,10.0,20,0
1822,2023-11-21,premium,40.0,82,0
1823,2021-07-08,basic,10.0,104,0
1824,2021-04-14,basic,10.0,73,0
1825,2022-05-14,standard,20.0,115,0
1826,2021-05-06,basic,10.0,116,1
1827,2022-12-12,basic,10.0,180,0
1828,2022-02-21,standard,20.0,188,1
1829,2021-12-27,basic,10.0,176,1
1830,2022-04-23,standard,20.0,33,1
1831,2022-07-17,basic,10.0,118,0
1832,2023-06-13,standard,20.0,96,0
1833,2023-07-03,standard,20.0,170,1
1834,2021-07-10,basic,10.0,78,0
1835,2022-03-02,standard,20.0,173,1
1836,2021-01-26,premium,40.0,103,1
1837,2021-08-15,basic,10.0,21,0
1838,2023-02-07,standard,20.0,55,0
1839,2021-05-25,premium,40.0,182,1
1840,2022-05-04,basic,10.0,142,1
1841,2021-06-15,basic,10.0,48,0
1842,2021-02-14,basic,10.0,187,1
1843,2022-05-07,standard,20.0,4,0
1844,2023-10-16,basic,10.0,194,0
1845,2021-07-12,standard,20.0,195,0
1846,2021-02-19,standard,20.0,36,0
1847,2022-02-21,standard,20.0,30,0
1848,2022-06-07,standard,20.0,131,1
1849,2021-03-03,standard,20.0,100,0
1850,2022-01-31,basic,10.0,88,0
1851,2023-04-30,basic,10.0,87,0
1852,2023-11-12,basic,10.0,178,0
1853,2021-03-06,basic,10.0,95,0
1854,2022-04-08,standard,20.0,4,0
1855,2021-10-12,basic,10.0,177,0
1856,2021-08-19,basic,10.0,74,0
1857,2022-10-02,basic,10.0,78,1
1858,2023-08-01,basic,10.0,176,1
1859,2022-06-05,standard,20.0,57,0
1860,2022-07-26,basic,10.0,71,0
1861,2021-10-06,basic,10.0,92,0
1862,2021-06-24,standard,20.0,71,0
1863,2021-08-26,standard,20.0,16,0
1864,2021-05-29,basic,10.0,163,0
1865,2023-11-26,basic,10.0,75,1
1866,2022-10-20,standard,20.0,107,0
1867,2021-05-29,standard,20.0,42,0
1868,2021-03-08,basic,10.0,98,1
1869,2023-08-03,basic,10.0,78,0
1870,2022-01-15,premium,40.0,50,1
1871,2021-05-10,standard,20.0,85,0
1872,2023-01-17,standard,20.0,153,1
1873,2021-06-13,basic,10.0,112,0
1874,2023-02-23,basic,10.0,94,0
1875,2021-08-31,standard,20.0,52,0
1876,2022-12-22,basic,10.0,116,0
1877,2023-12-20,premium,40.0,31,0
1878,2021-06-03,standard,20.0,0,0
1879,2023-04-27,basic,10.0,44,0
1880,2021-01-22,standard,20.0,58,0
1881,2021-08-27,basic,10.0,23,0
1882,2022-12-11,premium,40.0,54,0
1883,2021-08-05,basic,10.0,152,0
1884,2022-02-20,standard,20.0,134,1
1885,2023-06-18,basic,10.0,164,0
1886,2022-08-27,basic,10.0,142,1
1887,2023-05-22,standard,20.0,163,0
1888,2021-05-20,basic,10.0,71,1
1889,2021-08-23,standard,20.0,72,0
1890,2021-06-04,basic,10.0,102,0
1891,2023-05-25,basic,10.0,191,1
1892,2021-06-30,premium,40.0,144,1
1893,2023-07-29,standard,20.0,100,0
1894,2023-02-19,premium,40.0,31,0
1895,2022-03-04,basic,10.0,96,0
1896,2021-08-14,basic,10.0,104,0
1897,2023-06-23,standard,20.0,29,0
1898,2021-08-20,premium,40.0,62,0
1899,2023-09-19,standard,20.0,85,0
1900,2023-06-14,standard,20.0,59,1
1901,2023-09-18,standard,20.0,114,0
1902,2022-02-13,standard,20.0,57,0
1903,2023-01-03,standard,20.0,102,1
1904,2023-06-06,basic,10.0,166,1
1905,2021-02-23,basic,10.0,175,1
1906,2022-07-04,standard,20.0,24,1
1907,2022-12-02,standard,20.0,70,0
1908,2022-09-24,basic,10.0,152,1
1909,2022-01-28,basic,10.0,105,0
1910,2022-01-27,basic,10.0,14,0
1911,2021-03-25,basic,10.0,143,0
1912,2022-05-30,basic,10.0,121,0
1913,2023-11-22,basic,10.0,1,0
1914,2022-03-18,standard,20.0,133,0
1915,2022-02-07,basic,10.0,159,1
1916,2022-08-20,basic,10.0,41,0
1917,2023-11-25,basic,10.0,36,0
1918,2023-09-04,premium,40.0,100,0
1919,2021-10-27,standard,20.0,115,1
1920,2022-11-10,basic,10.0,154,1
1921,2021-10-04,basic,10.0,16,0
1922,2022-09-29,standard,20.0,177,1
1923,2021-10-23,basic,10.0,115,1
1924,2022-11-21,basic,10.0,106,0
1925,2022-09-13,basic,10.0,50,0
1926,2021-01-19,basic,10.0,16,0
1927,2022-12-28,basic,10.0,55,1
1928,2021-09-10,standard,20.0,24,0
1929,2023-06-08,standard,20.0,173,0
1930,2022-03-30,standard,20.0,3,0
1931,2022-07-19,basic,10.0,149,0
1932,2023-12-06,basic,10.0,175,1
1933,2023-11-16,basic,10.0,38,0
1934,2023-03-24,basic,10.0,146,0
1935,2023-10-12,basic,10.0,69,0
1936,2023-09-26,standard,20.0,168,1
1937,2021-12-16,basic,10.0,43,0
1938,2022-09-02,premium,40.0,60,0
1939,2021-06-30,basic,10.0,46,1
1940,2023-08-10,premium,40.0,87,0
1941,2023-01-19,standard,20.0,68,0
1942,2022-05-25,basic,10.0,44,0
1943,2023-07-05,standard,20.0,80,0
1944,2023-09-20,basic,10.0,196,1
1945,2023-03-04,standard,20.0,89,0
1946,2023-12-23,standard,20.0,122,0
1947,2021-09-23,standard,20.0,68,0
1948,2022-12-30,standard,20.0,160,1
1949,2022-08-06,premium,40.0,123,0
1950,2022-06-11,standard,20.0,55,0
1951,2022-12-04,standard,20.0,97,1
1952,2023-02-18,premium,40.0,160,1
1953,2022-07-31,premium,40.0,24,0
1954,2023-11-08,basic,10.0,83,1
1955,2021-10-10,standard,20.0,165,0
1956,2022-05-23,premium,40.0,4,0
1957,2022-09-28,standard,20.0,9,1
1958,2023-01-26,basic,10.0,103,1
1959,2023-09-16,standard,20.0,124,0
1960,2021-02-21,standard,20.0,41,1
1961,2023-07-22,standard,20.0,140,0
1962,2022-09-30,basic,10.0,60,0
1963,2023-04-04,basic,10.0,6,0
1964,2021-11-29,basic,10.0,111,0
1965,2021-03-10,basic,10.0,151,0
1966,2023-04-19,basic,10.0,144,0
1967,2023-07-28,standard,20.0,130,1
1968,2021-11-16,basic,10.0,21,0
1969,2022-03-16,standard,20.0,57,0
1970,2022-10-21,standard,20.0,67,0
1971,2022-11-10,standard,20.0,125,0
1972,2022-06-30,premium,40.0,122,1
1973,2023-06-27,basic,10.0,6,0
1974,2023-12-29,standard,20.0,49,1
1975,2023-04-14,premium,40.0,106,0
1976,2023-08-13,basic,10.0,40,0
1977,2022-10-12,basic,10.0,51,1
1978,2021-04-07,basic,10.0,15,0
1979,2023-12-05,basic,10.0,171,0
1980,2023-09-27,basic,10.0,188,0
1981,2023-07-10,premium,40.0,134,0
1982,2023-04-20,basic,10.0,129,1
1983,2023-04-01,basic,10.0,10,0
1984,2021-05-02,basic,10.0,15,1
1985,2022-01-20,standard,20.0,150,0
1986,2023-03-30,standard,20.0,62,1
1987,2022-12-18,basic,10.0,31,0
1988,2023-10-05,premium,40.0,88,0
1989,2021-08-20,basic,10.0,180,1
1990,2021-11-25,basic,10.0,54,1
1991,2021-06-02,standard,20.0,19,1
1992,2022-09-01,basic,10.0,100,0
1993,2023-02-22,basic,10.0,192,0
1994,2021-06-17,premium,40.0,191,0
1995,2023-11-06,standard,20.0,128,0
1996,2022-02-08,standard,20.0,108,0
1997,2021-04-07,basic,10.0,98,0
1998,2022-06-24,standard,20.0,1,0
1999,2023-08-19,basic,10.0,37,0
2000,2022-04-19,standard,20.0,89,1
2001,2023-01-20,standard,20.0,10,0
2002,2021-07-26,standard,20.0,50,0
2003,2022-02-04,basic,10.0,97,0
2004,2023-12-12,standard,20.0,20,0
2005,2023-12-25,basic,10.0,70,0
2006,2021-01-21,premium,40.0,90,0
2007,2021-06-09,premium,40.0,130,0
2008,2021-07-13,basic,10.0,155,1
2009,2021-08-11,basic,10.0,96,1
2010,2021-11-24,basic,10.0,145,1
2011,2022-09-28,standard,20.0,140,1
2012,2021-09-30,basic,10.0,107,1
2013,2022-08-11,basic,10.0,95,0
2014,2021-03-07,standard,20.0,187,1
2015,2022-07-14,basic,10.0,11,0
2016,2022-03-18,basic,10.0,142,0
2017,2022-06-23,standard,20.0,159,1
2018,2021-09-20,premium,40.0,175,1
2019,2021-06-21,standard,20.0,48,0
2020,2021-12-31,premium,40.0,89,1
2021,2022-10-04,basic,10.0,153,1
2022,2021-04-28,basic,10.0,20,0
2023,2023-07-06,basic,10.0,167,0
2024,2023-08-05,standard,20.0,125,1
2025,2023-10-01,basic,10.0,134,0
2026,2023-05-11,premium,40.0,167,1
2027,2021-02-01,basic,10.0,176,0
2028,2021-01-17,standard,20.0,140,1
2029,2023-12-12,standard,20.0,167,0
2030,2021-02-04,basic,10.0,72,0
2031,2023-02-24,basic,10.0,9,0
2032,2022-12-31,standard,20.0,29,0
2033,2023-01-01,premium,40.0,106,0
2034,2021-10-24,standard,20.0,179,0
2035,2023-08-21,standard,20.0,34,0
2036,2022-01-25,standard,20.0,130,0
2037,2022-06-06,premium,40.0,27,0
2038,2022-06-16,standard,20.0,16,0
2039,2021-01-19,basic,10.0,68,0
2040,2023-11-01,standard,20.0,142,0
2041,2021-09-07,basic,10.0,146,1
2042,2021-05-12,basic,10.0,178,0
2043,2021-12-21,basic,10.0,24,0
2044,2022-01-29,standard,20.0,42,1
2045,2023-08-04,standard,20.0,50,0
2046,2023-04-15,basic,10.0,98,1
2047,2021-11-14,basic,10.0,198,0
2048,2022-10-07,basic,10.0,47,0
2049,2023-10-15,basic,10.0,190,1
2050,2022-02-05,standard,20.0,140,0
2051,2023-10-01,basic,10.0,108,0
2052,2022-07-14,basic,10.0,141,1
2053,2021-08-11,standard,20.0,36,1
2054,2021-02-08,basic,10.0,60,0
2055,2022-05-10,premium,40.0,63,0
2056,2022-01-17,basic,10.0,54,1
2057,2021-07-21,premium,40.0,122,0
2058,2023-01-30,basic,10.0,101,0
2059,2023-08-29,basic,10.0,45,0
2060,2021-01-19,basic,10.0,194,1
2061,2023-11-11,basic,10.0,96,0
2062,2022-06-18,premium,40.0,124,0
2063,2022-12-14,standard,20.0,167,0
2064,2021-07-10,basic,10.0,137,1
2065,2021-05-14,standard,20.0,10,0
2066,2021-07-26,standard,20.0,5,0
2067,2021-12-23,standard,20.0,180,0
2068,2021-11-27,basic,10.0,95,0
2069,2022-07-28,standard,20.0,149,1
2070,2021-08-24,basic,10.0,54,0
2071,2021-09-13,standard,20.0,110,1
2072,2021-05-04,basic,10.0,2,0
2073,2021-06-29,basic,10.0,137,0
2074,2021-11-08,basic,10.0,19,0
2075,2021-10-27,standard,20.0,46,0
2076,2023-04-18,premium,40.0,72,0
2077,2023-09-07,basic,10.0,2,0
2078,2022-10-01,standard,20.0,78,0
2079,2022-01-01,premium,40.0,13,0
2080,2023-04-27,standard,20.0,23,0
2081,2022-07-13,basic,10.0,85,0
2082,2023-07-07,standard,20.0,92,0
2083,2021-09-11,standard,20.0,11,0
2084,2023-02-23,basic,10.0,149,0
2085,2022-02-08,premium,40.0,196,0
2086,2021-08-12,basic,10.0,95,0
2087,2023-06-24,premium,40.0,14,0
2088,2022-02-23,standard,20.0,68,1
2089,2022-02-28,premium,40.0,189,1
2090,2021-11-23,standard,20.0,40,0
2091,2022-10-24,standard,20.0,161,0
2092,2023-04-03,basic,10.0,7,0
2093,2021-11-12,standard,20.0,97,0
2094,2022-11-07,basic,10.0,161,0
2095,2021-03-21,standard,20.0,186,0
2096,2022-11-22,basic,10.0,156,0
2097,2023-09-01,premium,40.0,88,0
2098,2023-08-10,standard,20.0,66,1
2099,2021-02-16,basic,10.0,21,0
2100,2021-09-18,basic,10.0,29,0
2101,2023-05-06,basic,10.0,182,0
2102,2021-10-24,premium,40.0,182,1
2103,2021-06-26,premium,40.0,167,0
2104,2022-12-19,premium,40.0,34,0
2105,2021-10-08,basic,10.0,3,0
2106,2023-07-19,premium,40.0,197,0
2107,2023-08-20,basic,10.0,75,0
2108,2021-01-13,standard,20.0,111,0
2109,2023-12-11,standard,20.0,21,0
2110,2023-09-26,premium,40.0,31,0
2111,2022-09-15,basic,10.0,54,0
2112,2021-10-20,basic,10.0,119,0
2113,2021-02-23,standard,20.0,6,0
2114,2021-12-22,basic,10.0,168,1
2115,2023-08-11,premium,40.0,135,0
2116,2022-12-04,standard,20.0,79,1
2117,2022-07-17,basic,10.0,83,0
2118,2023-09-30,standard,20.0,138,0
2119,2023-06-18,basic,10.0,41,0
2120,2021-03-14,standard,20.0,150,0
2121,2023-08-22,standard,20.0,162,0
2122,2022-05-28,premium,40.0,36,0
2123,2021-07-06,standard,20.0,143,0
2124,2023-06-07,standard,20.0,37,0
2125,2022-05-09,standard,20.0,123,1
2126,2022-06-28,basic,10.0,32,0
2127,2022-06-19,basic,10.0,53,0
2128,2022-10-21,standard,20.0,189,1
2129,2023-06-19,standard,20.0,148,0
2130,2023-02-22,standard,20.0,187,1
2131,2022-03-16,standard,20.0,109,0
2132,2022-11-19,standard,20.0,40,1
2133,2022-01-07,premium,40.0,17,0
2134,2021-01-16,standard,20.0,160,0
2135,2022-03-18,premium,40.0,137,0
2136,2023-09-01,standard,20.0,158,0
2137,2023-10-02,basic,10.0,162,1
2138,2021-09-26,basic,10.0,9,0
2139,2021-09-10,standard,20.0,29,0
2140,2022-04-14,premium,40.0,171,0
2141,2023-08-04,standard,20.0,86,0
2142,2023-07-14,standard,20.0,8,0
2143,2021-09-02,standard,20.0,32,0
2144,2022-01-19,basic,10.0,23,0
2145,2022-12-07,basic,10.0,90,1
2146,2022-04-24,basic,10.0,149,1
2147,2021-02-07,standard,20.0,29,0
2148,2022-10-27,standard,20.0,41,0
2149,2023-03-12,standard,20.0,19,0
2150,2022-01-19,premium,40.0,152,0
2151,2022-08-18,basic,10.0,21,0
2152,2021-11-01,basic,10.0,55,0
2153,2023-12-11,basic,10.0,25,0
2154,2022-07-25,standard,20.0,157,1
2155,2021-01-10,standard,20.0,118,0
2156,2021-07-15,basic,10.0,153,1
2157,2022-01-29,basic,10.0,136,0
2158,2022-03-10,standard,20.0,129,0
2159,2023-03-17,basic,10.0,165,1
2160,2021-08-22,standard,20.0,122,1
2161,2022-01-15,standard,20.0,125,1
2162,2021-05-16,premium,40.0,75,0
2163,2022-02-11,standard,20.0,180,1
2164,2023-11-29,standard,20.0,139,1
2165,2022-08-24,basic,10.0,57,0
2166,2023-06-21,basic,10.0,54,0
2167,2022-04-25,basic,10.0,97,0
2168,2023-11-16,basic,10.0,136,0
2169,2023-11-28,premium,40.0,161,1
2170,2022-04-02,basic,10.0,147,1
2171,2023-07-23,standard,20.0,19,0
2172,2021-10-13,basic,10.0,133,1
2173,2022-04-09,basic,10.0,183,0
2174,2023-09-13,basic,10.0,56,1
2175,2023-02-17,standard,20.0,108,0
2176,2021-10-07,basic,10.0,159,0
2177,2021-08-13,basic,10.0,4,0
2178,2022-04-15,standard,20.0,77,0
2179,2022-09-23,basic,10.0,84,0
2180,2022-11-12,standard,20.0,78,0
2181,2021-01-05,basic,10.0,49,0
2182,2021-08-21,basic,10.0,180,0
2183,2022-06-28,basic,10.0,16,0
2184,2022-06-16,basic,10.0,30,0
2185,2023-10-25,standard,20.0,124,0
2186,2023-05-17,standard,20.0,17,1
2187,2023-04-27,standard,20.0,164,1
2188,2022-10-19,standard,20.0,43,0
2189,2022-09-18,basic,10.0,101,0
2190,2022-01-01,premium,40.0,91,0
2191,2021-02-05,basic,10.0,146,0
2192,2021-06-06,basic,10.0,188,0
2193,2021-03-30,basic,10.0,169,0
2194,2022-05-05,basic,10.0,173,1
2195,2022-05-24,premium,40.0,65,0
2196,2022-05-25,standard,20.0,174,0
2197,2021-05-21,basic,10.0,162,1
2198,2021-10-31,standard,20.0,151,0
2199,2021-01-17,basic,10.0,71,1
2200,2022-03-03,standard,20.0,103,0
2201,2021-09-27,standard,20.0,67,1
2202,2022-02-20,standard,20.0,153,1
2203,2022-10-08,standard,20.0,133,0
2204,2021-05-01,basic,10.0,38,0
2205,2022-08-30,basic,10.0,72,0
2206,2023-09-18,basic,10.0,129,0
2207,2021-04-10,basic,10.0,103,0
2208,2023-05-23,standard,20.0,92,1
2209,2023-01-20,standard,20.0,169,0
2210,2022-10-25,standard,20.0,86,0
2211,2023-02-18,basic,10.0,109,1
2212,2021-10-08,basic,10.0,124,0
2213,2022-12-16,standard,20.0,141,0
2214,2022-08-31,basic,10.0,81,0
2215,2023-11-28,standard,20.0,173,0
2216,2022-02-06,standard,20.0,8,0
2217,2023-08-02,basic,10.0,84,0
2218,2021-08-20,standard,20.0,183,1
2219,2021-09-09,basic,10.0,2,0
2220,2021-11-03,basic,10.0,84,1
2221,2022-01-23,basic,10.0,188,1
2222,2022-09-25,basic,10.0,130,0
2223,2022-08-09,basic,10.0,0,0
2224,2021-11-25,premium,40.0,15,0
2225,2021-02-06,basic,10.0,16,0
2226,2022-12-01,basic,10.0,31,0
2227,2022-02-06,basic,10.0,154,0
2228,2023-07-31,basic,10.0,83,1
2229,2022-06-11,standard,20.0,125,1
2230,2023-03-21,standard,20.0,64,1
2231,2023-04-05,basic,10.0,30,1
2232,2023-08-27,standard,20.0,94,0
2233,2023-08-06,basic,10.0,75,0
2234,2023-08-25,standard,20.0,162,0
2235,2021-09-17,standard,20.0,182,0
2236,2023-04-05,basic,10.0,129,1
2237,2021-10-23,basic,10.0,196,1
2238,2022-06-17,basic,10.0,0,0
2239,2021-08-21,basic,10.0,11,0
2240,2021-08-27,premium,40.0,21,0
2241,2021-12-15,basic,10.0,57,0
2242,2021-03-01,basic,10.0,149,1
2243,2023-11-04,basic,10.0,157,1
2244,2022-02-25,basic,10.0,163,1
2245,2022-11-21,basic,10.0,198,1
2246,2021-05-09,basic,10.0,46,1
2247,2021-05-21,basic,10.0,114,1
2248,2021-05-08,basic,10.0,134,0
2249,2021-03-08,basic,10.0,125,1
2250,2021-11-23,standard,20.0,137,0
2251,2021-03-09,basic,10.0,143,1
2252,2022-01-09,standard,20.0,117,0
2253,2022-07-01,premium,40.0,40,0
2254,2023-12-06,standard,20.0,182,0
2255,2021-07-18,basic,10.0,111,0
2256,2021-06-04,basic,10.0,89,1
2257,2023-06-07,basic,10.0,178,1
2258,2022-11-13,basic,10.0,34,0
2259,2021-07-28,premium,40.0,194,0
2260,2021-02-03,basic,10.0,80,1
2261,2021-04-30,premium,40.0,146,1
2262,2023-07-14,premium,40.0,130,0
2263,2021-03-05,standard,20.0,142,1
2264,2021-04-30,standard,20.0,154,0
2265,2023-12-26,standard,20.0,173,0
2266,2022-03-02,standard,20.0,76,0
2267,2021-09-04,premium,40.0,175,1
2268,2022-06-23,basic,10.0,60,1
2269,2022-10-29,basic,10.0,193,1
2270,2023-05-17,standard,20.0,100,1
2271,2021-01-29,basic,10.0,40,0
2272,2022-06-09,basic,10.0,7,0
2273,2022-07-29,basic,10.0,6,0
2274,2021-10-29,basic,10.0,119,1
2275,2022-01-20,standard,20.0,180,0
2276,2023-05-23,premium,40.0,189,1
2277,2021-08-11,basic,10.0,71,1
2278,2021-08-08,standard,20.0,58,0
2279,2022-10-04,basic,10.0,180,1
2280,2023-11-24,standard,20.0,154,0
2281,2023-11-11,standard,20.0,4,0
2282,2022-12-11,standard,20.0,164,0
2283,2021-05-15,standard,20.0,114,1
2284,2021-01-27,standard,20.0,79,1
2285,2021-02-13,standard,20.0,93,1
2286,2023-11-16,standard,20.0,193,0
2287,2022-07-21,standard,20.0,125,0
2288,2023-08-04,basic,10.0,199,0
2289,2022-09-29,premium,40.0,3,0
2290,2021-08-10,standard,20.0,5,0
2291,2022-10-30,standard,20.0,23,0
2292,2023-12-10,standard,20.0,26,0
2293,2023-06-25,basic,10.0,127,1
2294,2022-04-06,standard,20.0,26,0
2295,2023-02-07,basic,10.0,17,0
2296,2023-12-07,premium,40.0,166,0
2297,2023-12-08,basic,10.0,102,0
2298,2022-07-19,basic,10.0,82,1
2299,2023-07-02,standard,20.0,106,1
2300,2022-03-22,standard,20.0,100,0
2301,2023-03-22,basic,10.0,0,0
2302,2022-02-10,basic,10.0,148,0
2303,2022-02-21,standard,20.0,49,0
2304,2023-03-25,basic,10.0,82,0
2305,2021-07-07,basic,10.0,90,0
2306,2023-04-23,standard,20.0,88,0
2307,2023-03-15,basic,10.0,154,1
2308,2023-06-16,basic,10.0,8,1
2309,2022-07-22,standard,20.0,191,1
2310,2023-04-25,standard,20.0,113,0
2311,2021-03-18,basic,10.0,16,0
2312,2021-06-11,basic,10.0,103,0
2313,2022-05-29,basic,10.0,54,0
2314,2021-02-26,basic,10.0,79,1
2315,2021-10-23,basic,10.0,138,0
2316,2021-11-26,standard,20.0,11,0
2317,2022-03-04,premium,40.0,63,0
2318,2021-12-29,basic,10.0,152,1
2319,2021-09-24,standard,20.0,117,0
2320,2022-03-01,basic,10.0,116,1
2321,2023-05-10,standard,20.0,94,0
2322,2022-09-16,basic,10.0,107,0
2323,2021-05-10,standard,20.0,138,1
2324,2021-10-27,standard,20.0,4,0
2325,2021-02-07,basic,10.0,3,0
2326,2023-12-05,basic,10.0,55,0
2327,2023-03-11,premium,40.0,65,0
2328,2022-02-18,standard,20.0,157,0
2329,2023-02-19,standard,20.0,144,0
2330,2021-08-25,basic,10.0,199,0
2331,2021-10-05,standard,20.0,21,0
2332,2022-03-14,standard,20.0,0,0
2333,2021-04-19,basic,10.0,15,0
2334,2022-05-06,basic,10.0,163,1
2335,2021-12-25,standard,20.0,177,1
2336,2022-08-25,basic,10.0,8,0
2337,2022-11-17,premium,40.0,176,0
2338,2021-07-25,standard,20.0,198,1
2339,2022-11-04,standard,20.0,45,1
2340,2022-05-05,basic,10.0,113,1
2341,2023-08-29,standard,20.0,37,1
2342,2023-10-27,standard,20.0,77,0
2343,2023-11-12,standard,20.0,133,0
2344,2021-05-25,premium,40.0,39,0
2345,2021-11-13,basic,10.0,13,0
2346,2023-05-27,basic,10.0,49,0
2347,2021-04-01,basic,10.0,100,0
2348,2021-09-24,basic,10.0,161,0
2349,2022-01-22,standard,20.0,172,0
2350,2021-12-27,basic,10.0,113,1
2351,2021-07-15,standard,20.0,116,0
2352,2023-09-02,basic,10.0,113,0
2353,2022-04-25,premium,40.0,57,0
2354,2022-05-21,standard,20.0,32,0
2355,2022-06-28,premium,40.0,55,0
2356,2023-10-13,basic,10.0,173,0
2357,2023-12-26,standard,20.0,69,0
2358,2021-01-16,standard,20.0,69,0
2359,2023-04-10,basic,10.0,176,0
2360,2022-08-29,standard,20.0,77,0
2361,2022-12-26,basic,10.0,84,0
2362,2021-03-23,premium,40.0,124,0
2363,2022-07-05,basic,10.0,108,1
2364,2022-07-08,basic,10.0,47,0
2365,2023-11-11,basic,10.0,58,0
2366,2023-04-09,standard,20.0,54,1
2367,2022-11-24,basic,10.0,155,0
2368,2021-06-06,premium,40.0,69,1
2369,2022-01-20,standard,20.0,189,0
2370,2021-08-30,standard,20.0,3,0
2371,2021-09-12,standard,20.0,138,0
2372,2023-07-10,standard,20.0,89,0
2373,2022-08-25,basic,10.0,42,0
2374,2023-04-03,standard,20.0,95,0
2375,2022-08-21,standard,20.0,192,0
2376,2022-09-18,basic,10.0,171,0
2377,2021-02-22,standard,20.0,155,1
2378,2022-10-07,basic,10.0,40,0
2379,2022-05-03,premium,40.0,60,0
2380,2021-08-03,basic,10.0,168,1
2381,2022-09-19,basic,10.0,66,0
2382,2022-07-20,basic,10.0,139,1
2383,2021-10-03,standard,20.0,60,1
2384,2023-09-11,basic,10.0,50,0
2385,2023-10-31,basic,10.0,61,0
2386,2022-04-19,basic,10.0,137,1
2387,2021-05-19,standard,20.0,141,1
2388,2021-03-19,standard,20.0,151,0
2389,2023-08-23,premium,40.0,112,0
2390,2023-10-28,standard,20.0,15,1
2391,2022-10-18,standard,20.0,113,0
2392,2023-05-06,basic,10.0,67,1
2393,2021-04-23,basic,10.0,150,0
2394,2021-03-23,basic,10.0,25,0
2395,2021-12-21,standard,20.0,177,1
2396,2022-04-04,basic,10.0,104,0
2397,2022-02-24,standard,20.0,33,0
2398,2021-06-16,basic,10.0,0,0
2399,2021-03-06,standard,20.0,78,0
2400,2023-08-26,basic,10.0,62,0
2401,2022-08-28,premium,40.0,75,0
2402,2022-12-18,standard,20.0,145,1
2403,2022-09-02,standard,20.0,173,1
2404,2023-10-16,standard,20.0,156,1
2405,2021-07-25,basic,10.0,125,0
2406,2022-05-30,basic,10.0,160,1
2407,2021-11-03,basic,10.0,181,1
2408,2023-12-21,basic,10.0,7,0
2409,2023-02-16,premium,40.0,3,0
2410,2021-03-25,basic,10.0,96,1
2411,2021-03-01,basic,10.0,159,0
2412,2021-09-12,basic,10.0,182,0
2413,2021-10-16,premium,40.0,184,0
2414,2023-06-04,basic,10.0,72,0
2415,2023-12-03,standard,20.0,55,1
2416,2022-10-09,basic,10.0,107,1
2417,2023-07-19,basic,10.0,20,0
2418,2023-10-06,standard,20.0,16,0
2419,2021-07-25,basic,10.0,152,0
2420,2022-02-13,standard,20.0,24,0
2421,2021-08-19,premium,40.0,33,0
2422,2021-01-03,standard,20.0,126,0
2423,2021-04-20,basic,10.0,135,0
2424,2022-05-28,standard,20.0,161,0
2425,2021-10-21,basic,10.0,45,0
2426,2021-06-01,basic,10.0,114,0
2427,2022-10-17,standard,20.0,170,0
2428,2021-06-22,basic,10.0,15,0
2429,2021-07-28,standard,20.0,185,0
2430,2021-08-23,basic,10.0,137,1
2431,2022-04-24,basic,10.0,20,0
2432,2021-08-10,basic,10.0,5,0
2433,2021-07-30,standard,20.0,140,1
2434,2022-04-07,standard,20.0,156,0
2435,2022-07-16,standard,20.0,63,0
2436,2022-09-10,standard,20.0,4,0
2437,2022-06-12,premium,40.0,166,0
2438,2023-06-25,basic,10.0,63,0
2439,2023-05-05,premium,40.0,20,1
2440,2021-02-01,basic,10.0,123,1
2441,2022-08-10,standard,20.0,132,0
2442,2021-03-09,standard,20.0,187,0
2443,2022-12-10,standard,20.0,187,0
2444,2022-01-13,standard,20.0,85,0
2445,2023-06-30,basic,10.0,16,0
2446,2022-04-06,basic,10.0,95,1
2447,2023-11-16,standard,20.0,35,0
2448,2021-04-18,standard,20.0,169,0
2449,2021-12-09,premium,40.0,141,1
2450,2023-04-22,standard,20.0,134,0
2451,2022-04-19,premium,40.0,162,0
2452,2021-10-06,basic,10.0,186,1
2453,2023-08-27,basic,10.0,181,0
2454,2023-12-18,basic,10.0,178,1
2455,2022-02-14,basic,10.0,126,0
2456,2022-12-16,basic,10.0,122,0
2457,2022-09-05,basic,10.0,176,1
2458,2021-03-16,basic,10.0,169,1
2459,2022-05-28,premium,40.0,113,0
2460,2023-09-21,standard,20.0,69,0
2461,2022-04-08,basic,10.0,131,0
2462,2022-05-10,premium,40.0,0,0
2463,2023-11-28,basic,10.0,94,0
2464,2023-05-30,basic,10.0,102,1
2465,2023-03-09,standard,20.0,26,0
2466,2023-03-02,premium,40.0,196,1
2467,2022-03-14,basic,10.0,29,1
2468,2021-11-12,basic,10.0,57,0
2469,2023-11-30,standard,20.0,0,0
2470,2022-06-25,basic,10.0,104,0
2471,2021-07-09,basic,10.0,111,1
2472,2021-02-24,basic,10.0,167,1
2473,2021-02-01,basic,10.0,118,1
2474,2021-02-13,standard,20.0,168,0
2475,2022-05-17,standard,20.0,130,1
2476,2022-01-05,basic,10.0,172,0
2477,2021-03-03,premium,40.0,71,1
2478,2023-10-02,standard,20.0,161,0
2479,2023-11-30,standard,20.0,189,1
2480,2023-03-16,premium,40.0,117,0
2481,2023-07-07,basic,10.0,137,0
2482,2023-04-18,basic,10.0,6,0
2483,2023-11-06,standard,20.0,174,1
2484,2022-04-07,basic,10.0,23,0
2485,2023-02-15,basic,10.0,3,0
2486,2023-11-15,premium,40.0,117,0
2487,2022-11-21,basic,10.0,174,1
2488,2022-09-13,premium,40.0,60,0
2489,2021-01-27,basic,10.0,136,1
2490,2022-10-25,basic,10.0,105,0
2491,2022-05-25,basic,10.0,172,0
2492,2023-09-07,standard,20.0,110,0
2493,2021-07-27,basic,10.0,18,0
2494,2021-09-14,standard,20.0,129,1
2495,2021-01-27,basic,10.0,138,0
2496,2021-08-31,basic,10.0,185,0
2497,2021-02-25,basic,10.0,199,0
2498,2022-08-23,standard,20.0,173,0
2499,2023-10-06,standard,20.0,142,0
2500,2022-08-19,standard,20.0,11,0
2501,2021-10-22,standard,20.0,159,1
2502,2022-11-25,basic,10.0,82,0
2503,2023-03-05,standard,20.0,13,0
2504,2021-04-22,basic,10.0,105,1
2505,2023-08-10,standard,20.0,72,0
2506,2021-11-04,basic,10.0,185,0
2507,2021-06-08,premium,40.0,3,0
2508,2021-10-10,standard,20.0,74,0
2509,2022-04-11,basic,10.0,135,0
2510,2022-06-19,standard,20.0,27,0
2511,2022-01-06,basic,10.0,160,0
2512,2022-10-07,premium,40.0,73,0
2513,2023-09-03,premium,40.0,169,0
2514,2022-04-18,standard,20.0,50,0
2515,2023-10-14,basic,10.0,47,0
2516,2023-08-30,standard,20.0,110,0
2517,2022-07-10,standard,20.0,29,0
2518,2022-03-27,standard,20.0,101,0
2519,2022-02-12,standard,20.0,44,0
2520,2022-08-11,standard,20.0,164,1
2521,2021-11-29,premium,40.0,49,0
2522,2021-05-14,standard,20.0,59,0
2523,2022-04-17,basic,10.0,62,0
2524,2022-07-03,standard,20.0,145,1
2525,2021-12-30,basic,10.0,113,1
2526,2023-11-09,premium,40.0,167,0
2527,2023-05-04,standard,20.0,188,0
2528,2023-09-05,basic,10.0,51,0
2529,2021-10-09,standard,20.0,123,1
2530,2021-01-14,basic,10.0,106,0
2531,2022-06-11,basic,10.0,14,1
2532,2023-12-13,premium,40.0,77,0
2533,2022-02-08,basic,10.0,169,0
2534,2022-09-03,premium,40.0,134,1
2535,2023-05-07,basic,10.0,166,1
2536,2023-06-14,basic,10.0,103,1
2537,2021-01-22,standard,20.0,162,1
2538,2021-09-11,premium,40.0,195,1
2539,2023-11-16,basic,10.0,167,0
2540,2021-03-13,standard,20.0,187,0
2541,2023-03-30,basic,10.0,105,0
2542,2023-09-01,basic,10.0,70,0
2543,2023-06-18,standard,20.0,110,0
2544,2022-06-20,basic,10.0,67,0
2545,2022-05-07,basic,10.0,136,1
2546,2021-10-15,premium,40.0,77,0
2547,2023-06-10,premium,40.0,182,1
2548,2021-10-14,basic,10.0,149,0
2549,2021-03-09,basic,10.0,0,0
2550,2022-02-23,basic,10.0,134,1
2551,2023-10-13,standard,20.0,138,0
2552,2021-08-30,basic,10.0,111,0
2553,2021-01-10,standard,20.0,29,0
2554,2021-09-29,premium,40.0,39,0
2555,2021-06-26,basic,10.0,145,0
2556,2022-10-25,premium,40.0,45,0
2557,2022-09-18,standard,20.0,24,0
2558,2023-10-09,standard,20.0,106,0
2559,2022-03-11,basic,10.0,156,1
2560,2022-12-08,standard,20.0,136,0
2561,2021-07-13,standard,20.0,49,0
2562,2022-08-09,basic,10.0,194,0
2563,2021-12-03,standard,20.0,36,0
2564,2021-06-26,basic,10.0,50,0
2565,2023-11-02,standard,20.0,166,1
2566,2021-01-07,basic,10.0,36,0
2567,2023-02-24,standard,20.0,160,1
2568,2023-07-26,standard,20.0,174,1
2569,2022-12-22,basic,10.0,9,0
2570,2023-07-29,basic,10.0,174,0
2571,2021-02-23,basic,10.0,74,0
2572,2023-08-14,premium,40.0,97,1
2573,2022-08-25,standard,20.0,116,0
2574,2021-07-11,premium,40.0,167,0
2575,2023-10-20,basic,10.0,184,0
2576,2021-01-29,basic,10.0,182,0
2577,2023-04-05,premium,40.0,25,0
2578,2022-06-08,basic,10.0,163,1
2579,2021-01-31,basic,10.0,121,0
2580,2022-05-11,standard,20.0,109,0
2581,2023-05-14,basic,10.0,48,0
2582,2022-07-15,standard,20.0,93,0
2583,2022-03-29,premium,40.0,59,0
2584,2023-02-25,basic,10.0,176,0
2585,2021-01-11,basic,10.0,80,0
2586,2023-08-04,standard,20.0,130,1
2587,2022-03-25,standard,20.0,144,1
2588,2022-06-24,basic,10.0,156,0
2589,2021-03-30,basic,10.0,152,1
2590,2023-04-30,basic,10.0,61,0
2591,2021-11-16,premium,40.0,60,0
2592,2021-01-07,premium,40.0,80,1
2593,2023-02-25,basic,10.0,59,1
2594,2021-08-21,basic,10.0,93,0
2595,2021-03-21,basic,10.0,28,0
2596,2021-09-28,basic,10.0,198,1
2597,2022-11-07,basic,10.0,85,1
2598,2022-03-03,standard,20.0,57,1
2599,2021-02-01,basic,10.0,186,1
2600,2023-08-02,premium,40.0,112,0
2601,2022-10-19,standard,20.0,128,0
2602,2021-07-10,basic,10.0,178,0
2603,2023-08-14,basic,10.0,179,0
2604,2023-07-04,standard,20.0,185,0
2605,2021-05-19,standard,20.0,83,0
2606,2021-06-23,basic,10.0,135,0
2607,2021-08-22,standard,20.0,40,0
2608,2021-06-21,standard,20.0,134,1
2609,2023-07-20,standard,20.0,101,0
2610,2022-02-01,premium,40.0,88,0
2611,2021-02-17,basic,10.0,117,1
2612,2022-06-06,basic,10.0,104,0
2613,2021-07-07,basic,10.0,100,0
2614,2023-07-30,basic,10.0,146,1
2615,2023-02-08,premium,40.0,93,0
2616,2022-10-09,basic,10.0,153,0
2617,2022-09-16,basic,10.0,175,0
2618,2021-11-14,standard,20.0,174,0
2619,2022-09-11,basic,10.0,151,1
2620,2021-06-16,basic,10.0,1,0
2621,2021-02-25,standard,20.0,181,1
2622,2022-09-18,standard,20.0,50,1
2623,2023-11-06,standard,20.0,53,0
2624,2023-04-23,basic,10.0,65,0
2625,2023-06-08,standard,20.0,103,0
2626,2022-04-29,basic,10.0,93,0
2627,2021-09-12,standard,20.0,137,1
2628,2021-09-05,basic,10.0,113,0
2629,2021-06-08,basic,10.0,193,0
2630,2021-11-28,basic,10.0,123,0
2631,2022-06-26,basic,10.0,159,0
2632,2022-05-09,basic,10.0,23,0
2633,2023-03-06,premium,40.0,157,1
2634,2023-08-15,standard,20.0,34,0
2635,2021-06-28,basic,10.0,152,0
2636,2023-09-24,standard,20.0,128,0
2637,2023-03-11,standard,20.0,151,1
2638,2021-04-26,basic,10.0,133,0
2639,2021-06-23,standard,20.0,135,1
2640,2021-03-20,basic,10.0,21,0
2641,2023-03-21,basic,10.0,34,0
2642,2021-11-09,premium,40.0,57,0
2643,2021-07-13,standard,20.0,173,1
2644,2021-01-02,basic,10.0,196,1
2645,2022-08-25,standard,20.0,128,0
2646,2022-07-29,standard,20.0,175,0
2647,2021-08-02,basic,10.0,101,0
2648,2023-11-15,basic,10.0,179,1
2649,2021-02-21,basic,10.0,86,0
2650,2023-04-19,basic,10.0,59,0
2651,2021-12-17,basic,10.0,121,1
2652,2021-12-08,premium,40.0,84,0
2653,2021-02-07,premium,40.0,147,0
2654,2021-01-22,basic,10.0,109,0
2655,2022-10-20,basic,10.0,66,0
2656,2022-12-11,basic,10.0,182,1
2657,2023-06-01,basic,10.0,119,0
2658,2023-03-19,standard,20.0,52,0
2659,2023-12-27,premium,40.0,63,0
2660,2023-08-06,basic,10.0,44,0
2661,2023-05-15,standard,20.0,88,0
2662,2023-08-01,basic,10.0,157,1
2663,2022-09-10,basic,10.0,176,1
2664,2023-03-15,premium,40.0,69,0
2665,2023-12-08,premium,40.0,108,0
2666,2022-08-28,basic,10.0,29,0
2667,2021-11-01,basic,10.0,134,0
2668,2022-02-22,standard,20.0,60,0
2669,2023-04-22,basic,10.0,87,0
2670,2021-12-27,standard,20.0,2,0
2671,2021-07-15,basic,10.0,118,1
2672,2023-05-15,basic,10.0,180,0
2673,2023-04-08,basic,10.0,25,0
2674,2022-10-20,basic,10.0,88,0
2675,2021-08-15,standard,20.0,80,0
2676,2023-10-02,premium,40.0,172,0
2677,2023-10-06,basic,10.0,95,0
2678,2023-04-18,basic,10.0,165,0
2679,2022-06-07,basic,10.0,172,1
2680,2021-09-15,standard,20.0,58,0
2681,2023-07-21,basic,10.0,112,0
2682,2021-05-11,basic,10.0,102,0
2683,2023-12-21,basic,10.0,180,0
2684,2021-01-10,basic,10.0,22,0
2685,2023-04-30,basic,10.0,118,0
2686,2021-03-26,premium,40.0,111,0
2687,2022-08-10,basic,10.0,39,0
2688,2022-02-02,premium,40.0,82,0
2689,2021-01-15,standard,20.0,115,1
2690,2023-10-10,basic,10.0,173,1
2691,2021-08-14,standard,20.0,18,0
2692,2021-12-22,basic,10.0,173,1
2693,2023-05-02,basic,10.0,173,1
2694,2021-02-03,basic,10.0,172,1
2695,2022-07-31,standard,20.0,16,0
2696,2023-07-17,basic,10.0,86,1
2697,2022-05-27,standard,20.0,117,0
2698,2022-05-11,basic,10.0,124,1
2699,2023-11-10,standard,20.0,150,0
2700,2022-08-07,premium,40.0,25,0
2701,2023-01-04,standard,20.0,97,0
2702,2022-12-01,basic,10.0,167,0
2703,2021-05-20,basic,10.0,173,1
2704,2021-04-20,standard,20.0,10,0
2705,2022-10-22,basic,10.0,182,1
2706,2022-07-24,standard,20.0,69,0
2707,2021-09-23,standard,20.0,30,0
2708,2021-11-13,standard,20.0,189,0
2709,2022-09-01,standard,20.0,18,0
2710,2021-09-26,basic,10.0,166,0
2711,2023-01-19,basic,10.0,169,0
2712,2021-01-30,standard,20.0,178,0
2713,2022-09-04,standard,20.0,48,0
2714,2022-06-14,basic,10.0,36,0
2715,2021-09-24,premium,40.0,42,1
2716,2021-02-19,standard,20.0,2,0
2717,2021-12-30,premium,40.0,113,0
2718,2021-04-06,standard,20.0,32,0
2719,2022-10-05,premium,40.0,4,0
2720,2022-10-16,standard,20.0,130,0
2721,2023-02-17,standard,20.0,185,0
2722,2022-11-19,standard,20.0,148,0
2723,2022-08-08,basic,10.0,35,0
2724,2023-08-03,basic,10.0,125,0
2725,2022-07-22,premium,40.0,112,0
2726,2023-10-01,basic,10.0,55,0
2727,2021-01-21,standard,20.0,123,0
2728,2022-06-25,basic,10.0,133,1
2729,2021-03-14,basic,10.0,81,0
2730,2023-06-21,premium,40.0,104,0
2731,2023-06-10,premium,40.0,194,0
2732,2021-07-16,standard,20.0,183,0
2733,2022-10-31,basic,10.0,85,0
2734,2022-08-15,basic,10.0,174,1
2735,2023-12-10,basic,10.0,27,0
2736,2023-10-12,premium,40.0,114,0
2737,2021-07-17,standard,20.0,43,0
2738,2021-03-12,standard,20.0,158,0
2739,2022-07-15,basic,10.0,126,0
2740,2023-05-15,standard,20.0,121,0
2741,2023-10-25,basic,10.0,86,0
2742,2021-06-26,basic,10.0,72,0
2743,2022-01-10,standard,20.0,89,0
2744,2021-02-17,standard,20.0,112,0
2745,2022-12-31,premium,40.0,21,0
2746,2022-08-11,standard,20.0,3,0
2747,2022-04-18,basic,10.0,184,1
2748,2023-08-14,premium,40.0,116,0
2749,2022-02-04,standard,20.0,13,0
2750,2021-12-31,basic,10.0,104,1
2751,2023-07-18,premium,40.0,87,0
2752,2021-09-07,standard,20.0,114,0
2753,2022-11-07,basic,10.0,72,1
2754,2021-12-09,basic,10.0,102,0
2755,2021-12-29,standard,20.0,89,0
2756,2021-09-06,basic,10.0,96,1
2757,2023-07-10,standard,20.0,90,0
2758,2022-07-22,basic,10.0,134,0
2759,2023-10-02,standard,20.0,5,0
2760,2021-04-27,standard,20.0,53,0
2761,2023-12-15,standard,20.0,68,0
2762,2021-07-15,basic,10.0,128,0
2763,2021-09-07,premium,40.0,116,1
2764,2023-05-03,basic,10.0,46,0
2765,2021-12-06,basic,10.0,94,0
2766,2021-08-30,basic,10.0,136,0
2767,2021-02-02,standard,20.0,84,0
2768,2023-01-06,basic,10.0,47,0
2769,2022-03-29,standard,20.0,107,1
2770,2022-05-06,standard,20.0,98,0
2771,2023-10-01,standard,20.0,109,0
2772,2021-05-02,basic,10.0,111,1
2773,2021-08-22,basic,10.0,196,0
2774,2022-02-03,standard,20.0,36,1
2775,2023-09-01,basic,10.0,75,0
2776,2021-08-27,basic,10.0,59,0
2777,2023-02-18,basic,10.0,136,1
2778,2023-04-25,basic,10.0,138,1
2779,2023-02-05,premium,40.0,74,1
2780,2023-09-10,basic,10.0,57,0
2781,2021-09-27,standard,20.0,32,1
2782,2023-01-24,standard,20.0,183,1
2783,2021-07-06,basic,10.0,186,0
2784,2022-06-28,basic,10.0,121,1
2785,2023-02-13,standard,20.0,68,0
2786,2023-12-02,basic,10.0,167,0
2787,2021-07-31,basic,10.0,150,1
2788,2021-07-31,basic,10.0,0,0
2789,2021-03-01,basic,10.0,19,0
2790,2021-03-30,basic,10.0,101,0
2791,2022-08-31,standard,20.0,2,0
2792,2021-08-22,basic,10.0,166,0
2793,2021-09-22,standard,20.0,140,0
2794,2022-06-18,premium,40.0,134,1
2795,2022-02-07,basic,10.0,105,0
2796,2023-03-26,standard,20.0,12,0
2797,2022-03-04,basic,10.0,184,0
2798,2021-04-16,basic,10.0,144,1
2799,2022-03-08,standard,20.0,61,0
2800,2023-10-29,basic,10.0,36,0
2801,2021-11-26,standard,20.0,29,0
2802,2022-07-01,premium,40.0,26,0
2803,2022-02-14,basic,10.0,113,1
2804,2023-06-03,basic,10.0,145,0
2805,2021-01-10,standard,20.0,148,0
2806,2023-02-05,standard,20.0,160,0
2807,2022-01-30,basic,10.0,115,0
2808,2021-04-09,standard,20.0,38,0
2809,2023-02-09,standard,20.0,86,0
2810,2023-06-24,standard,20.0,8,0
2811,2022-05-26,basic,10.0,16,0
2812,2022-01-06,standard,20.0,64,0
2813,2021-05-12,standard,20.0,133,0
2814,2022-08-22,basic,10.0,144,1
2815,2023-10-10,basic,10.0,115,0
2816,2022-11-14,standard,20.0,85,0
2817,2021-10-29,standard,20.0,2,0
2818,2022-01-14,premium,40.0,80,0
2819,2023-04-04,basic,10.0,158,0
2820,2021-10-05,standard,20.0,162,1
2821,2022-06-29,basic,10.0,136,0
2822,2022-03-26,basic,10.0,76,0
2823,2022-01-07,basic,10.0,112,0
2824,2023-03-13,standard,20.0,137,1
2825,2023-05-14,basic,10.0,125,1
2826,2022-12-16,standard,20.0,80,0
2827,2023-01-26,basic,10.0,23,0
2828,2022-06-21,standard,20.0,154,0
2829,2022-02-24,premium,40.0,186,0
2830,2023-06-12,premium,40.0,73,0
2831,2022-01-15,standard,20.0,141,1
2832,2021-07-31,premium,40.0,55,1
2833,2021-06-28,standard,20.0,64,0
2834,2023-09-02,standard,20.0,117,0
2835,2022-06-03,premium,40.0,193,1
2836,2022-03-10,standard,20.0,134,0
2837,2022-11-06,premium,40.0,50,0
2838,2021-01-24,standard,20.0,136,1
2839,2021-03-12,premium,40.0,93,0
2840,2022-08-09,basic,10.0,66,0
2841,2023-01-06,standard,20.0,53,0
2842,2022-06-02,basic,10.0,185,1
2843,2023-03-07,basic,10.0,77,0
2844,2021-10-26,basic,10.0,170,1
2845,2021-06-29,standard,20.0,84,0
2846,2022-08-09,basic,10.0,32,1
2847,2023-12-20,basic,10.0,26,0
2848,2023-02-06,basic,10.0,24,0
2849,2022-10-14,standard,20.0,3,0
2850,2023-10-22,basic,10.0,75,1
2851,2021-02-17,basic,10.0,175,1
2852,2021-02-08,basic,10.0,127,0
2853,2022-05-08,premium,40.0,81,1
2854,2022-09-29,basic,10.0,80,0
2855,2022-01-10,basic,10.0,155,1
2856,2023-11-21,basic,10.0,198,1
2857,2021-09-18,standard,20.0,145,0
2858,2022-01-15,premium,40.0,98,0
2859,2023-05-07,basic,10.0,90,1
2860,2023-09-27,basic,10.0,136,0
2861,2022-10-02,basic,10.0,133,1
2862,2022-01-04,standard,20.0,36,1
2863,2023-01-05,basic,10.0,62,1
2864,2023-03-19,standard,20.0,113,0
2865,2022-11-25,standard,20.0,157,0
2866,2022-03-25,standard,20.0,86,0
2867,2021-03-22,standard,20.0,54,0
2868,2022-11-28,basic,10.0,145,0
2869,2022-11-22,basic,10.0,187,1
2870,2023-01-04,standard,20.0,75,0
2871,2022-10-28,standard,20.0,113,0
2872,2021-06-07,basic,10.0,86,0
2873,2021-02-17,standard,20.0,1,0
2874,2021-07-20,basic,10.0,75,0
2875,2021-02-13,premium,40.0,18,0
2876,2022-07-19,standard,20.0,146,1
2877,2022-12-27,basic,10.0,71,0
2878,2021-06-24,basic,10.0,137,1
2879,2022-12-15,basic,10.0,22,0
2880,2023-06-27,standard,20.0,55,0
2881,2021-12-01,premium,40.0,35,0
2882,2022-12-07,basic,10.0,142,1
2883,2023-06-08,basic,10.0,20,0
2884,2021-03-29,basic,10.0,95,0
2885,2023-10-28,standard,20.0,24,1
2886,2023-08-06,basic,10.0,116,1
2887,2023-01-03,basic,10.0,126,0
2888,2023-05-26,basic,10.0,47,0
2889,2023-11-03,standard,20.0,181,1
2890,2023-07-31,basic,10.0,45,0
2891,2021-03-27,standard,20.0,149,0
2892,2021-01-07,standard,20.0,26,1
2893,2023-12-01,basic,10.0,11,0
2894,2021-04-16,basic,10.0,25,0
2895,2022-07-25,basic,10.0,84,0
2896,2021-06-16,basic,10.0,197,0
2897,2023-08-12,basic,10.0,27,1
2898,2021-04-05,basic,10.0,154,0
2899,2022-10-26,standard,20.0,36,1
2900,2022-12-11,standard,20.0,184,1
2901,2022-03-09,basic,10.0,13,0
2902,2023-11-19,basic,10.0,138,0
2903,2022-07-26,premium,40.0,106,0
2904,2023-03-09,standard,20.0,151,1
2905,2022-10-07,premium,40.0,110,0
2906,2021-03-09,standard,20.0,40,0
2907,2022-06-22,basic,10.0,123,1
2908,2023-09-10,standard,20.0,39,1
2909,2023-04-10,standard,20.0,168,0
2910,2022-01-11,basic,10.0,40,0
2911,2021-07-02,premium,40.0,196,1
2912,2022-05-24,basic,10.0,113,0
2913,2022-04-20,standard,20.0,28,0
2914,2023-02-26,basic,10.0,113,1
2915,2023-09-03,standard,20.0,132,0
2916,2022-10-07,basic,10.0,29,0
2917,2021-10-05,basic,10.0,60,0
2918,2023-08-12,standard,20.0,67,0
2919,2021-04-20,standard,20.0,142,1
2920,2021-08-04,standard,20.0,158,1
2921,2021-05-31,basic,10.0,56,1
2922,2021-09-06,standard,20.0,109,1
2923,2023-07-15,standard,20.0,24,0
2924,2021-05-29,premium,40.0,82,1
2925,2021-11-21,standard,20.0,81,0
2926,2021-10-05,basic,10.0,187,1
2927,2022-05-31,standard,20.0,183,0
2928,2022-07-21,basic,10.0,134,0
2929,2023-02-19,basic,10.0,149,0
2930,2021-05-04,basic,10.0,180,0
2931,2021-04-16,standard,20.0,96,0
2932,2023-08-21,standard,20.0,1,0
2933,2023-06-20,basic,10.0,40,1
2934,2023-06-07,standard,20.0,151,0
2935,2022-10-30,basic,10.0,56,0
2936,2023-04-19,basic,10.0,85,0
2937,2022-09-23,basic,10.0,139,0
2938,2023-11-14,basic,10.0,93,0
2939,2022-09-20,basic,10.0,178,0
2940,2022-09-07,standard,20.0,7,0
2941,2022-02-09,basic,10.0,49,0
2942,2023-01-29,basic,10.0,107,0
2943,2021-09-04,premium,40.0,51,0
2944,2021-11-05,standard,20.0,171,1
2945,2022-01-25,basic,10.0,198,1
2946,2023-10-02,basic,10.0,139,1
2947,2021-02-04,basic,10.0,175,1
2948,2023-07-18,basic,10.0,110,1
2949,2022-09-18,premium,40.0,169,1
2950,2022-12-05,standard,20.0,48,0
2951,2022-05-29,basic,10.0,187,0
2952,2021-07-31,standard,20.0,98,0
2953,2021-01-25,standard,20.0,197,0
2954,2022-09-29,basic,10.0,165,0
2955,2021-07-18,standard,20.0,46,0
2956,2022-02-01,premium,40.0,69,0
2957,2023-10-23,basic,10.0,110,0
2958,2021-08-08,basic,10.0,71,0
2959,2023-02-05,standard,20.0,126,0
2960,2022-06-08,standard,20.0,53,0
2961,2021-09-19,standard,20.0,193,0
2962,2022-11-18,standard,20.0,111,0
2963,2023-12-14,premium,40.0,136,1
2964,2023-08-17,premium,40.0,31,0
2965,2023-07-15,standard,20.0,33,0
2966,2022-02-25,basic,10.0,152,0
2967,2023-02-08,basic,10.0,144,0
2968,2021-08-04,basic,10.0,170,0
2969,2023-10-31,basic,10.0,173,0
2970,2021-12-01,premium,40.0,101,0
2971,2021-05-04,basic,10.0,151,1
2972,2022-09-20,standard,20.0,18,0
2973,2021-11-25,standard,20.0,20,0
2974,2022-11-19,basic,10.0,195,0
2975,2022-04-10,basic,10.0,94,1
2976,2022-01-02,basic,10.0,97,1
2977,2021-02-10,standard,20.0,195,1
2978,2023-07-10,basic,10.0,41,0
2979,2022-10-14,basic,10.0,164,0
2980,2022-04-09,basic,10.0,142,0
2981,2023-06-28,standard,20.0,99,0
2982,2022-09-05,standard,20.0,19,0
2983,2022-09-26,premium,40.0,19,0
2984,2023-05-30,basic,10.0,153,0
2985,2022-06-17,basic,10.0,167,0
2986,2023-08-27,premium,40.0,68,0
2987,2023-11-19,standard,20.0,88,0
2988,2022-06-02,basic,10.0,32,0
2989,2023-07-02,premium,40.0,6,0
2990,2021-02-04,basic,10.0,27,0
2991,2022-11-02,basic,10.0,14,0
2992,2023-04-08,standard,20.0,83,0
2993,2023-08-04,basic,10.0,147,0
2994,2021-06-26,basic,10.0,78,1
2995,2023-10-23,basic,10.0,50,0
2996,2022-09-29,standard,20.0,91,1
2997,2022-08-09,basic,10.0,54,0
2998,2023-09-07,basic,10.0,184,0
2999,2022-11-29,standard,20.0,152,1
3000,2022-10-29,standard,20.0,192,0
