customer_id,plan,monthly_fee,total_amount,trans_count,recency_days,recency_days_tx,logins_7d,logins_30d,logins_90d,tickets,avg_resolution,tenure_days,churn
1,premium,40.0,440.0,11,108,26,1,4,9,0,0.0,330,0
2,basic,10.0,280.0,28,165,28,0,4,7,0,0.0,847,1
3,basic,10.0,70.0,7,132,43,0,0,6,1,1.0,232,0
4,basic,10.0,230.0,23,111,84,0,0,5,0,0.0,749,0
5,standard,20.0,580.0,29,15,31,0,0,4,0,0.0,872,0
6,basic,10.0,60.0,6,14,70,0,0,2,0,0.0,222,0
7,premium,40.0,480.0,12,127,61,1,1,6,0,0.0,392,1
8,basic,10.0,90.0,9,115,115,0,0,6,1,2.0,355,1
9,standard,20.0,20.0,1,168,12,2,2,2,0,0.0,13,1
10,standard,20.0,420.0,21,10,59,0,1,3,1,9.0,667,0
11,basic,10.0,40.0,4,27,79,0,0,3,0,0.0,176,0
12,standard,20.0,460.0,23,91,63,0,2,9,1,4.0,731,0
13,premium,40.0,560.0,14,110,80,0,2,5,0,0.0,474,1
14,basic,10.0,140.0,14,148,48,0,0,2,0,0.0,440,1
15,basic,10.0,270.0,27,114,73,0,1,2,0,0.0,862,1
16,basic,10.0,290.0,29,38,51,0,0,4,1,4.0,891,0
17,standard,20.0,560.0,28,110,29,0,4,6,0,0.0,845,0
18,premium,40.0,360.0,9,67,118,0,1,7,0,0.0,359,1
19,basic,10.0,130.0,13,185,56,0,3,8,0,0.0,424,1
20,premium,40.0,80.0,2,171,30,0,1,5,0,0.0,64,1
21,standard,20.0,200.0,10,81,47,0,0,6,1,4.0,322,0
22,standard,20.0,500.0,25,45,101,0,1,4,0,0.0,824,0
23,standard,20.0,40.0,2,99,62,0,0,1,0,0.0,94,1
24,premium,40.0,40.0,1,29,56,0,0,2,0,0.0,56,1
25,basic,10.0,90.0,9,179,47,0,1,6,0,0.0,293,0
26,basic,10.0,120.0,12,140,29,1,4,8,0,0.0,365,0
27,basic,10.0,300.0,30,125,74,0,1,3,0,0.0,952,1
28,premium,40.0,1320.0,33,103,30,0,2,8,1,1.0,990,0
29,standard,20.0,520.0,26,129,48,0,1,6,0,0.0,804,1
30,basic,10.0,200.0,20,72,41,0,1,7,0,0.0,612,0
31,basic,10.0,330.0,33,35,53,0,0,4,0,0.0,1016,0
32,premium,40.0,80.0,2,95,88,0,2,3,0,0.0,125,0
33,basic,10.0,170.0,17,128,96,0,0,5,0,0.0,576,1
34,standard,20.0,200.0,10,73,60,0,2,4,0,0.0,332,0
35,standard,20.0,520.0,26,166,105,0,2,4,0,0.0,863,0
36,standard,20.0,480.0,24,46,41,0,1,3,1,3.0,738,0
37,standard,20.0,640.0,32,147,33,0,1,4,0,0.0,968,1
38,standard,20.0,140.0,7,111,107,0,1,3,0,0.0,292,1
39,standard,20.0,140.0,7,118,61,0,2,4,0,0.0,248,1
40,standard,20.0,540.0,27,3,73,0,1,7,0,0.0,854,0
41,basic,10.0,80.0,8,56,96,0,1,7,0,0.0,313,0
42,standard,20.0,620.0,31,110,104,0,1,8,0,0.0,1006,0
43,basic,10.0,220.0,22,102,28,0,2,6,0,0.0,667,1
44,basic,10.0,280.0,28,50,108,0,2,9,0,0.0,920,1
45,basic,10.0,80.0,8,176,70,0,2,3,0,0.0,281,0
46,basic,10.0,240.0,24,30,30,0,1,6,0,0.0,723,0
47,standard,20.0,380.0,19,6,32,0,0,6,0,0.0,577,0
48,basic,10.0,180.0,18,124,73,0,2,3,0,0.0,586,0
49,premium,40.0,760.0,19,22,33,0,0,2,0,0.0,575,0
50,basic,10.0,260.0,26,74,49,0,0,2,0,0.0,804,0
51,standard,20.0,300.0,15,156,58,1,5,7,0,0.0,484,0
52,standard,20.0,80.0,4,50,110,0,0,3,0,0.0,202,0
53,standard,20.0,340.0,17,159,63,0,0,2,0,0.0,549,0
54,basic,10.0,280.0,28,157,67,0,0,4,0,0.0,884,0
55,standard,20.0,700.0,35,70,46,0,1,6,0,0.0,1069,0
56,premium,40.0,1200.0,30,79,83,0,1,8,0,0.0,954,0
57,basic,10.0,320.0,32,75,72,0,0,4,0,0.0,1006,0
58,standard,20.0,620.0,31,20,95,0,1,4,0,0.0,995,0
59,standard,20.0,620.0,31,32,54,0,3,10,0,0.0,961,0
60,basic,10.0,130.0,13,28,72,0,1,3,0,0.0,440,0
61,premium,40.0,240.0,6,76,56,0,3,11,0,0.0,212,0
62,premium,40.0,160.0,4,56,61,0,1,5,0,0.0,160,0
63,standard,20.0,220.0,11,93,76,0,2,4,0,0.0,380,0
64,basic,10.0,120.0,12,91,105,0,0,12,0,0.0,437,0
65,standard,20.0,460.0,23,136,69,0,3,9,0,0.0,732,1
66,basic,10.0,10.0,1,140,71,0,0,3,0,0.0,75,1
67,basic,10.0,120.0,12,31,59,0,0,1,0,0.0,394,0
68,premium,40.0,360.0,9,139,53,1,1,3,0,0.0,302,1
69,basic,10.0,90.0,9,114,43,0,0,4,0,0.0,292,0
70,basic,10.0,40.0,4,60,54,2,4,6,0,0.0,153,0
71,standard,20.0,160.0,8,147,109,0,0,4,0,0.0,326,1
72,standard,20.0,40.0,2,52,42,0,0,3,0,0.0,78,1
73,standard,20.0,320.0,16,133,44,0,0,2,0,0.0,503,0
74,basic,10.0,140.0,14,182,107,0,0,7,0,0.0,497,0
75,standard,20.0,540.0,27,87,39,0,0,2,0,0.0,821,0
76,standard,20.0,20.0,1,84,63,0,1,6,1,9.0,69,0
77,premium,40.0,560.0,14,139,93,0,1,7,0,0.0,490,0
78,premium,40.0,640.0,16,65,95,0,2,8,0,0.0,553,0
79,standard,20.0,480.0,24,113,58,0,0,6,0,0.0,749,0
80,basic,10.0,260.0,26,135,37,0,0,5,0,0.0,796,0
81,basic,10.0,110.0,11,96,101,0,1,6,1,1.0,402,0
82,basic,10.0,200.0,20,34,26,0,3,4,0,0.0,601,0
83,basic,10.0,130.0,13,159,105,0,1,5,1,9.0,474,0
84,basic,10.0,120.0,12,8,28,0,0,5,0,0.0,367,0
85,standard,20.0,40.0,2,76,78,0,0,3,0,0.0,111,0
86,basic,10.0,240.0,24,20,39,0,1,9,1,4.0,733,0
87,standard,20.0,220.0,11,160,42,0,0,6,0,0.0,349,1
88,basic,10.0,10.0,1,2,104,0,1,2,0,0.0,106,0
89,basic,10.0,180.0,18,5,82,0,1,6,0,0.0,593,0
90,premium,40.0,1080.0,27,125,32,0,2,6,0,0.0,814,0
91,standard,20.0,500.0,25,101,57,0,0,7,0,0.0,778,0
92,basic,10.0,240.0,24,195,26,0,3,6,0,0.0,723,0
93,standard,20.0,220.0,11,26,104,0,2,11,0,0.0,406,0
94,standard,20.0,520.0,26,78,60,1,2,6,0,0.0,812,0
95,standard,20.0,60.0,3,163,108,0,0,5,0,0.0,177,0
96,standard,20.0,460.0,23,155,43,0,0,7,0,0.0,706,1
97,standard,20.0,660.0,33,143,59,0,1,5,0,0.0,1025,1
98,standard,20.0,720.0,36,111,35,0,0,1,0,0.0,1090,1
99,standard,20.0,700.0,35,148,43,0,2,5,0,0.0,1068,0
100,basic,10.0,130.0,13,97,41,0,3,6,1,6.0,407,0
101,standard,20.0,460.0,23,72,51,0,2,4,0,0.0,716,1
102,basic,10.0,260.0,26,161,27,0,3,9,0,0.0,786,0
103,basic,10.0,140.0,14,149,32,0,2,3,0,0.0,427,1
104,standard,20.0,640.0,32,11,88,0,1,6,0,0.0,1021,0
105,basic,10.0,140.0,14,64,107,0,0,2,0,0.0,503,0
106,standard,20.0,280.0,14,45,21,0,3,7,0,0.0,420,0
107,standard,20.0,680.0,34,175,62,0,0,3,1,2.0,1061,1
108,premium,40.0,1120.0,28,10,85,0,0,1,0,0.0,902,0
109,basic,10.0,200.0,20,80,98,0,2,3,0,0.0,668,1
110,standard,20.0,500.0,25,3,41,0,1,3,0,0.0,762,0
111,basic,10.0,10.0,1,8,55,0,0,1,0,0.0,55,0
112,premium,40.0,800.0,20,87,34,0,2,6,0,0.0,613,1
113,basic,10.0,110.0,11,159,86,0,0,6,0,0.0,387,1
114,basic,10.0,300.0,30,112,60,0,1,4,0,0.0,931,0
115,basic,10.0,50.0,5,30,87,0,0,5,0,0.0,212,0
116,standard,20.0,520.0,26,174,100,0,1,2,0,0.0,857,0
117,basic,10.0,70.0,7,16,68,0,0,3,2,4.5,255,0
118,standard,20.0,340.0,17,34,88,0,1,6,0,0.0,576,0
119,basic,10.0,210.0,21,131,42,0,1,4,0,0.0,650,0
120,standard,20.0,360.0,18,111,59,0,1,7,0,0.0,574,1
121,premium,40.0,600.0,15,185,88,0,0,3,0,0.0,509,1
122,standard,20.0,500.0,25,104,88,0,0,6,0,0.0,816,0
123,standard,20.0,600.0,30,103,84,1,2,4,0,0.0,963,1
124,standard,20.0,480.0,24,139,72,0,3,7,0,0.0,770,0
125,basic,10.0,10.0,1,100,7,1,1,1,0,0.0,12,1
126,basic,10.0,240.0,24,175,94,0,1,3,1,2.0,790,0
127,standard,20.0,200.0,10,169,89,0,2,6,1,9.0,365,1
128,basic,10.0,250.0,25,131,90,0,2,7,0,0.0,810,0
129,basic,10.0,30.0,3,106,118,0,0,3,0,0.0,178,1
130,premium,40.0,680.0,17,80,84,0,0,4,0,0.0,567,0
131,basic,10.0,150.0,15,130,52,0,0,5,0,0.0,474,0
132,basic,10.0,270.0,27,118,75,0,2,6,0,0.0,863,1
133,basic,10.0,130.0,13,164,61,0,3,7,0,0.0,430,0
134,basic,10.0,160.0,16,162,97,0,1,5,0,0.0,553,0
135,premium,40.0,400.0,10,195,41,0,2,7,0,0.0,315,0
136,standard,20.0,520.0,26,16,73,0,4,8,1,8.0,826,0
137,premium,40.0,560.0,14,21,38,0,2,7,0,0.0,429,0
138,basic,10.0,40.0,4,125,86,0,0,3,1,3.0,177,1
139,premium,40.0,680.0,17,3,98,0,3,10,0,0.0,584,0
140,standard,20.0,560.0,28,57,87,0,0,5,0,0.0,898,0
141,premium,40.0,1280.0,32,166,82,0,1,4,0,0.0,1016,0
142,basic,10.0,30.0,3,107,90,1,1,2,0,0.0,151,0
143,basic,10.0,180.0,18,66,26,0,1,5,0,0.0,542,0
144,standard,20.0,600.0,30,106,28,2,2,7,0,0.0,900,0
145,basic,10.0,240.0,24,125,77,0,1,6,0,0.0,774,0
146,premium,40.0,280.0,7,129,85,0,2,2,0,0.0,274,0
147,basic,10.0,220.0,22,19,60,0,1,11,0,0.0,690,0
148,basic,10.0,120.0,12,76,91,0,1,8,1,0.0,426,0
149,basic,10.0,60.0,6,30,53,0,0,2,0,0.0,206,0
150,basic,10.0,260.0,26,39,111,0,0,3,0,0.0,866,1
151,basic,10.0,30.0,3,20,90,0,2,6,0,0.0,154,0
152,basic,10.0,60.0,6,22,113,0,2,10,0,0.0,263,0
153,basic,10.0,230.0,23,37,60,0,0,2,0,0.0,729,0
154,standard,20.0,500.0,25,72,102,0,0,4,0,0.0,823,0
155,standard,20.0,460.0,23,6,58,0,0,4,0,0.0,718,0
156,standard,20.0,640.0,32,196,69,0,0,4,0,0.0,1002,1
157,standard,20.0,360.0,18,169,108,0,0,4,0,0.0,626,0
158,basic,10.0,110.0,11,189,116,0,0,6,0,0.0,419,0
159,standard,20.0,140.0,7,129,62,0,1,4,0,0.0,251,0
160,standard,20.0,300.0,15,190,83,0,0,9,0,0.0,508,1
161,basic,10.0,320.0,32,146,41,0,0,2,0,0.0,977,1
162,standard,20.0,220.0,11,123,100,0,1,7,0,0.0,401,1
163,standard,20.0,620.0,31,153,82,0,0,5,0,0.0,987,1
164,standard,20.0,560.0,28,72,88,0,3,9,0,0.0,905,0
165,basic,10.0,10.0,1,18,35,0,1,2,0,0.0,42,0
166,basic,10.0,270.0,27,137,35,0,1,4,0,0.0,824,0
167,standard,20.0,300.0,15,196,46,0,1,5,2,6.5,466,0
168,basic,10.0,110.0,11,94,41,0,0,4,0,0.0,346,0
169,basic,10.0,60.0,6,196,41,0,0,4,0,0.0,196,0
170,basic,10.0,330.0,33,14,42,0,1,4,0,0.0,1007,0
171,basic,10.0,30.0,3,166,109,0,1,2,1,3.0,175,0
172,standard,20.0,80.0,4,13,41,0,0,7,0,0.0,137,0
173,premium,40.0,440.0,11,146,36,1,2,4,0,0.0,336,1
174,premium,40.0,760.0,19,40,82,0,1,5,1,3.0,626,0
175,basic,10.0,250.0,25,55,76,0,0,2,0,0.0,802,0
176,standard,20.0,220.0,11,1,118,0,0,4,0,0.0,418,0
177,basic,10.0,100.0,10,35,81,0,1,6,0,0.0,359,0
178,premium,40.0,1000.0,25,98,29,0,4,6,0,0.0,753,0
179,standard,20.0,180.0,9,142,109,0,1,4,0,0.0,349,1
180,standard,20.0,600.0,30,86,22,3,4,6,1,4.0,900,0
181,basic,10.0,270.0,27,68,28,0,3,9,0,0.0,815,0
182,standard,20.0,680.0,34,182,88,0,4,6,1,9.0,1085,1
183,basic,10.0,240.0,24,124,83,0,0,1,0,0.0,777,0
184,basic,10.0,270.0,27,73,83,0,0,1,0,0.0,866,0
185,basic,10.0,60.0,6,135,38,0,3,9,0,0.0,195,0
186,standard,20.0,40.0,2,41,111,0,0,3,0,0.0,143,1
187,basic,10.0,20.0,2,123,107,0,0,5,0,0.0,141,0
188,standard,20.0,20.0,1,150,23,1,2,2,0,0.0,30,1
189,basic,10.0,110.0,11,27,107,0,1,4,0,0.0,407,0
190,basic,10.0,190.0,19,45,66,0,1,6,0,0.0,612,0
191,basic,10.0,150.0,15,5,34,0,2,2,0,0.0,458,0
192,premium,40.0,880.0,22,86,47,0,0,3,0,0.0,681,0
193,premium,40.0,720.0,18,137,67,0,0,3,0,0.0,577,0
194,basic,10.0,260.0,26,142,35,0,0,3,1,3.0,793,1
195,basic,10.0,100.0,10,154,58,0,1,4,0,0.0,337,0
196,basic,10.0,10.0,1,142,35,0,0,2,0,0.0,38,1
197,basic,10.0,290.0,29,127,80,0,1,5,0,0.0,922,1
198,premium,40.0,1280.0,32,19,94,0,0,5,0,0.0,1032,0
199,standard,20.0,440.0,22,174,44,0,0,3,0,0.0,681,1
200,standard,20.0,420.0,21,6,48,0,1,5,0,0.0,648,0
201,standard,20.0,400.0,20,45,65,0,0,4,0,0.0,644,0
202,basic,10.0,280.0,28,24,100,0,1,9,0,0.0,911,0
203,basic,10.0,290.0,29,39,73,0,0,7,0,0.0,916,1
204,basic,10.0,260.0,26,41,78,0,0,2,1,6.0,833,0
205,standard,20.0,300.0,15,173,34,0,4,9,0,0.0,462,0
206,basic,10.0,60.0,6,170,83,1,2,8,0,0.0,241,0
207,standard,20.0,340.0,17,189,95,0,0,4,0,0.0,578,0
208,basic,10.0,270.0,27,101,92,0,1,3,0,0.0,872,1
209,standard,20.0,400.0,20,198,58,0,0,2,0,0.0,628,1
210,premium,40.0,600.0,15,165,66,0,0,7,0,0.0,491,0
211,premium,40.0,40.0,1,112,69,0,1,5,0,0.0,71,0
212,basic,10.0,210.0,21,95,86,0,2,5,0,0.0,694,1
213,basic,10.0,270.0,27,149,46,0,1,4,1,6.0,834,1
214,premium,40.0,720.0,18,113,28,0,3,5,0,0.0,540,0
215,basic,10.0,330.0,33,120,63,0,1,7,1,0.0,1029,1
216,premium,40.0,920.0,23,47,69,0,3,5,0,0.0,730,0
217,basic,10.0,280.0,28,144,98,0,1,5,0,0.0,916,1
218,basic,10.0,260.0,26,93,36,0,0,4,0,0.0,786,0
219,basic,10.0,290.0,29,172,116,0,0,6,1,8.0,956,0
220,basic,10.0,250.0,25,74,65,0,0,7,0,0.0,787,1
221,standard,20.0,440.0,22,7,81,0,1,8,1,5.0,711,0
222,standard,20.0,640.0,32,186,66,0,0,6,2,6.0,1002,1
223,standard,20.0,420.0,21,138,110,0,0,11,0,0.0,719,1
224,standard,20.0,360.0,18,179,53,0,0,3,2,5.5,568,0
225,premium,40.0,1320.0,33,73,25,0,0,1,0,0.0,993,0
226,standard,20.0,40.0,2,77,97,0,2,6,0,0.0,128,0
227,standard,20.0,80.0,4,158,41,0,1,5,0,0.0,136,0
228,standard,20.0,20.0,1,160,56,0,0,3,0,0.0,58,0
229,premium,40.0,1200.0,30,168,90,0,1,5,0,0.0,964,0
230,basic,10.0,350.0,35,46,44,0,2,8,0,0.0,1066,0
231,premium,40.0,40.0,1,153,25,0,1,1,0,0.0,34,0
232,premium,40.0,40.0,1,99,86,0,3,7,0,0.0,91,0
233,standard,20.0,140.0,7,85,34,0,0,1,1,1.0,218,1
234,standard,20.0,620.0,31,185,61,2,3,7,0,0.0,962,1
235,basic,10.0,100.0,10,194,95,1,2,6,0,0.0,365,0
236,standard,20.0,180.0,9,184,35,0,6,11,0,0.0,277,0
237,standard,20.0,460.0,23,186,114,0,1,9,1,4.0,779,0
238,standard,20.0,20.0,1,55,107,0,0,1,1,1.0,114,0
239,premium,40.0,320.0,8,85,52,1,2,7,1,9.0,270,0
240,premium,40.0,1200.0,30,131,40,0,2,3,0,0.0,912,0
241,premium,40.0,560.0,14,74,68,0,1,4,0,0.0,463,1
242,basic,10.0,220.0,22,42,99,0,0,1,0,0.0,733,0
243,standard,20.0,100.0,5,87,115,0,0,4,0,0.0,235,1
244,basic,10.0,210.0,21,167,72,0,0,4,0,0.0,681,0
245,premium,40.0,120.0,3,45,91,0,0,4,0,0.0,151,1
246,standard,20.0,440.0,22,126,78,0,1,7,0,0.0,716,0
247,basic,10.0,110.0,11,23,68,0,2,3,0,0.0,368,0
248,standard,20.0,300.0,15,164,110,0,0,7,0,0.0,530,0
249,basic,10.0,210.0,21,119,33,1,7,12,0,0.0,636,0
250,standard,20.0,700.0,35,181,66,0,2,4,0,0.0,1086,0
251,standard,20.0,20.0,1,108,17,0,1,1,0,0.0,18,0
252,standard,20.0,380.0,19,103,86,0,4,8,0,0.0,633,0
253,basic,10.0,240.0,24,95,39,0,1,3,1,7.0,730,0
254,basic,10.0,20.0,2,8,97,0,1,5,0,0.0,134,0
255,premium,40.0,1440.0,36,129,39,0,0,2,0,0.0,1092,0
256,premium,40.0,1320.0,33,172,33,0,2,7,0,0.0,1000,1
257,basic,10.0,170.0,17,27,95,0,1,4,0,0.0,578,1
258,standard,20.0,320.0,16,195,107,0,0,3,0,0.0,565,0
259,standard,20.0,100.0,5,17,32,0,0,3,0,0.0,158,0
260,standard,20.0,340.0,17,178,84,0,0,2,0,0.0,569,0
261,standard,20.0,180.0,9,102,81,0,0,3,0,0.0,323,0
262,basic,10.0,70.0,7,72,54,0,0,2,0,0.0,239,0
263,basic,10.0,240.0,24,130,108,0,0,6,0,0.0,807,0
264,standard,20.0,20.0,1,85,39,0,1,2,0,0.0,39,0
265,standard,20.0,40.0,2,187,26,0,3,5,0,0.0,63,1
266,standard,20.0,160.0,8,160,111,0,1,3,0,0.0,321,0
267,basic,10.0,320.0,32,126,108,0,0,3,1,3.0,1045,0
268,basic,10.0,240.0,24,123,101,0,2,6,0,0.0,796,1
269,standard,20.0,580.0,29,79,107,0,0,4,0,0.0,950,0
270,standard,20.0,220.0,11,119,59,1,4,10,1,7.0,362,0
271,standard,20.0,700.0,35,123,47,0,0,0,0,0.0,1068,0
272,basic,10.0,220.0,22,107,77,0,0,6,0,0.0,715,0
273,basic,10.0,350.0,35,166,63,0,1,3,0,0.0,1092,1
274,basic,10.0,80.0,8,39,42,0,0,5,0,0.0,254,0
275,basic,10.0,200.0,20,25,112,0,4,8,0,0.0,684,0
276,standard,20.0,220.0,11,48,51,0,0,5,0,0.0,356,1
277,basic,10.0,300.0,30,77,32,0,1,7,0,0.0,910,0
278,basic,10.0,10.0,1,149,22,0,2,2,0,0.0,25,0
279,premium,40.0,800.0,20,19,45,0,0,7,0,0.0,623,0
280,standard,20.0,80.0,4,155,49,0,0,4,2,6.5,146,1
281,premium,40.0,40.0,1,41,8,1,1,1,0,0.0,14,0
282,standard,20.0,680.0,34,67,46,0,0,4,0,0.0,1045,0
283,standard,20.0,20.0,1,180,37,0,1,1,0,0.0,39,1
284,standard,20.0,500.0,25,81,57,0,0,4,0,0.0,778,1
285,basic,10.0,20.0,2,66,31,0,1,4,0,0.0,70,0
286,standard,20.0,80.0,4,153,59,0,0,2,0,0.0,151,0
287,standard,20.0,660.0,33,75,49,0,0,4,0,0.0,1011,1
288,basic,10.0,120.0,12,189,105,0,0,9,0,0.0,438,0
289,standard,20.0,640.0,32,69,75,0,2,4,0,0.0,1007,0
290,premium,40.0,920.0,23,116,54,0,0,2,0,0.0,719,0
291,basic,10.0,20.0,2,176,97,0,1,5,0,0.0,130,0
292,basic,10.0,320.0,32,6,100,0,4,11,0,0.0,1035,0
293,standard,20.0,260.0,13,18,86,0,3,6,0,0.0,455,0
294,premium,40.0,240.0,6,142,102,0,4,11,0,0.0,260,0
295,basic,10.0,100.0,10,34,92,0,4,10,0,0.0,363,0
296,basic,10.0,360.0,36,30,41,0,2,5,0,0.0,1094,0
297,basic,10.0,110.0,11,155,46,0,1,3,0,0.0,354,1
298,basic,10.0,310.0,31,116,93,0,1,1,0,0.0,994,0
299,basic,10.0,50.0,5,161,85,0,1,2,0,0.0,214,1
300,basic,10.0,10.0,1,35,7,1,1,1,0,0.0,8,0
301,basic,10.0,10.0,1,123,32,0,4,5,0,0.0,38,0
302,premium,40.0,320.0,8,24,27,0,2,7,0,0.0,246,0
303,basic,10.0,240.0,24,86,34,0,2,8,0,0.0,725,1
304,basic,10.0,20.0,2,63,114,0,0,7,0,0.0,145,1
305,basic,10.0,130.0,13,45,96,0,3,8,0,0.0,459,1
306,basic,10.0,190.0,19,195,25,0,2,6,0,0.0,573,0
307,standard,20.0,300.0,15,126,25,1,4,8,0,0.0,452,0
308,basic,10.0,280.0,28,23,100,0,3,8,0,0.0,911,0
309,standard,20.0,640.0,32,43,22,0,3,5,1,8.0,960,0
310,standard,20.0,300.0,15,161,84,0,2,7,0,0.0,511,0
311,basic,10.0,140.0,14,73,86,0,0,6,0,0.0,478,1
312,basic,10.0,190.0,19,198,84,0,0,7,1,1.0,629,1
313,basic,10.0,110.0,11,180,24,1,3,5,0,0.0,330,1
314,premium,40.0,1200.0,30,182,41,0,0,7,0,0.0,917,1
315,standard,20.0,400.0,20,148,28,1,5,8,0,0.0,606,0
316,standard,20.0,580.0,29,194,71,0,0,4,0,0.0,914,0
317,premium,40.0,840.0,21,118,33,0,1,6,0,0.0,640,0
318,standard,20.0,520.0,26,19,60,1,2,7,0,0.0,813,0
319,standard,20.0,160.0,8,132,112,0,0,8,0,0.0,322,1
320,basic,10.0,10.0,1,190,63,1,3,4,0,0.0,63,1
321,basic,10.0,100.0,10,129,56,0,0,3,0,0.0,328,1
322,basic,10.0,10.0,1,173,9,3,4,4,0,0.0,15,1
323,basic,10.0,310.0,31,181,58,0,1,5,0,0.0,965,1
324,standard,20.0,180.0,9,23,80,0,1,6,0,0.0,325,1
325,premium,40.0,1040.0,26,177,27,1,3,6,0,0.0,780,0
326,standard,20.0,160.0,8,159,89,1,6,10,0,0.0,304,0
327,premium,40.0,680.0,17,75,71,0,1,4,0,0.0,551,1
328,basic,10.0,90.0,9,104,47,0,1,4,0,0.0,293,1
329,basic,10.0,300.0,30,195,93,0,1,8,0,0.0,967,0
330,premium,40.0,600.0,15,58,104,0,0,5,0,0.0,529,0
331,basic,10.0,210.0,21,38,42,0,1,6,0,0.0,650,0
332,standard,20.0,560.0,28,165,85,0,2,7,0,0.0,901,0
333,basic,10.0,270.0,27,43,74,0,1,5,0,0.0,863,0
334,premium,40.0,160.0,4,139,35,0,2,7,0,0.0,134,0
335,standard,20.0,200.0,10,69,103,0,0,2,0,0.0,375,0
336,standard,20.0,60.0,3,140,64,0,2,4,0,0.0,131,0
337,basic,10.0,120.0,12,185,93,0,2,5,0,0.0,424,1
338,basic,10.0,100.0,10,172,43,0,4,10,1,1.0,319,1
339,basic,10.0,30.0,3,145,67,0,3,13,0,0.0,128,1
340,premium,40.0,40.0,1,189,69,0,1,2,0,0.0,73,0
341,basic,10.0,340.0,34,121,39,0,1,2,0,0.0,1035,0
342,basic,10.0,10.0,1,143,14,1,1,1,0,0.0,22,1
343,standard,20.0,280.0,14,51,60,0,0,3,0,0.0,454,0
344,standard,20.0,360.0,18,44,26,0,2,8,0,0.0,544,0
345,standard,20.0,120.0,6,159,28,1,2,7,0,0.0,183,1
346,basic,10.0,70.0,7,120,78,0,0,2,0,0.0,266,1
347,basic,10.0,250.0,25,26,68,0,3,11,0,0.0,791,0
348,basic,10.0,120.0,12,169,87,1,3,7,1,6.0,420,1
349,basic,10.0,110.0,11,97,96,0,0,5,1,0.0,403,1
350,basic,10.0,320.0,32,45,39,0,1,5,0,0.0,970,0
351,premium,40.0,1280.0,32,100,110,0,0,3,0,0.0,1048,0
352,standard,20.0,440.0,22,77,112,0,0,2,0,0.0,749,1
353,standard,20.0,180.0,9,148,56,0,2,7,0,0.0,305,0
354,premium,40.0,1360.0,34,0,26,0,1,7,0,0.0,1021,0
355,basic,10.0,80.0,8,184,59,1,5,7,0,0.0,271,0
356,basic,10.0,40.0,4,71,27,0,0,5,0,0.0,124,0
357,standard,20.0,400.0,20,134,103,0,1,6,0,0.0,682,0
358,standard,20.0,660.0,33,2,111,0,0,1,0,0.0,1071,0
359,basic,10.0,110.0,11,169,27,0,2,10,0,0.0,332,1
360,basic,10.0,140.0,14,199,114,0,1,5,0,0.0,507,1
361,basic,10.0,70.0,7,56,90,0,0,0,1,5.0,273,0
362,basic,10.0,290.0,29,85,54,0,0,5,0,0.0,901,0
363,basic,10.0,210.0,21,136,58,0,0,0,0,0.0,658,0
364,basic,10.0,290.0,29,56,95,0,2,7,0,0.0,935,0
365,basic,10.0,300.0,30,160,112,0,1,8,1,8.0,985,1
366,standard,20.0,600.0,30,91,41,0,0,2,0,0.0,914,1
367,basic,10.0,150.0,15,59,111,0,0,7,1,0.0,536,0
368,standard,20.0,60.0,3,123,71,0,1,2,0,0.0,135,1
369,standard,20.0,560.0,28,60,48,0,0,3,0,0.0,864,1
370,basic,10.0,170.0,17,85,67,0,0,7,0,0.0,554,0
371,basic,10.0,100.0,10,69,107,0,1,4,0,0.0,383,0
372,standard,20.0,440.0,22,180,85,1,2,5,0,0.0,722,1
373,basic,10.0,360.0,36,115,34,0,1,3,0,0.0,1091,1
374,basic,10.0,10.0,1,168,-7,3,3,3,0,0.0,1,0
375,basic,10.0,90.0,9,3,98,0,1,4,0,0.0,340,0
376,premium,40.0,560.0,14,194,100,0,0,5,2,4.0,498,1
377,basic,10.0,230.0,23,182,61,0,1,3,0,0.0,730,1
378,standard,20.0,500.0,25,58,36,0,1,1,0,0.0,763,0
379,premium,40.0,1000.0,25,110,24,1,2,7,0,0.0,753,1
380,basic,10.0,210.0,21,54,82,1,3,6,0,0.0,690,0
381,premium,40.0,480.0,12,88,99,0,3,7,0,0.0,429,1
382,basic,10.0,100.0,10,146,57,0,0,4,0,0.0,334,1
383,basic,10.0,70.0,7,180,84,0,1,3,0,0.0,264,0
384,basic,10.0,320.0,32,88,31,1,2,5,0,0.0,964,0
385,basic,10.0,230.0,23,48,77,0,0,6,0,0.0,746,0
386,basic,10.0,60.0,6,67,107,0,0,3,0,0.0,265,0
387,basic,10.0,90.0,9,155,104,0,1,5,0,0.0,351,1
388,standard,20.0,60.0,3,140,61,0,2,7,0,0.0,128,1
389,basic,10.0,300.0,30,112,82,0,1,5,0,0.0,955,1
390,basic,10.0,170.0,17,57,92,0,1,7,0,0.0,575,0
391,basic,10.0,260.0,26,149,102,0,0,3,0,0.0,858,1
392,standard,20.0,380.0,19,134,72,0,0,3,0,0.0,617,0
393,basic,10.0,70.0,7,186,73,0,0,5,1,7.0,259,1
394,standard,20.0,620.0,31,116,31,0,2,7,0,0.0,939,0
395,basic,10.0,170.0,17,169,55,0,2,4,1,0.0,540,1
396,standard,20.0,400.0,20,86,60,1,2,2,0,0.0,633,0
397,premium,40.0,1360.0,34,27,58,0,1,4,0,0.0,1053,0
398,basic,10.0,60.0,6,68,107,0,0,3,0,0.0,258,0
399,basic,10.0,50.0,5,93,89,0,1,3,0,0.0,211,0
400,standard,20.0,420.0,21,46,42,0,4,4,0,0.0,642,0
401,standard,20.0,640.0,32,30,69,0,1,2,0,0.0,1001,0
402,basic,10.0,130.0,13,5,53,0,0,4,0,0.0,417,0
403,basic,10.0,10.0,1,198,-2,4,4,4,0,0.0,2,1
404,premium,40.0,1360.0,34,8,50,0,0,9,0,0.0,1048,0
405,premium,40.0,880.0,22,113,39,0,0,2,0,0.0,670,0
406,standard,20.0,520.0,26,7,101,0,1,3,0,0.0,855,0
407,standard,20.0,20.0,1,63,38,0,0,1,0,0.0,47,0
408,basic,10.0,290.0,29,172,26,1,2,7,0,0.0,872,1
409,basic,10.0,40.0,4,65,39,0,0,2,0,0.0,137,0
410,basic,10.0,10.0,1,149,16,1,2,2,0,0.0,21,0
411,basic,10.0,60.0,6,7,63,0,1,4,0,0.0,222,0
412,standard,20.0,660.0,33,4,83,0,0,2,0,0.0,1047,0
413,basic,10.0,300.0,30,41,87,0,1,4,0,0.0,965,0
414,basic,10.0,270.0,27,33,77,0,2,5,0,0.0,860,0
415,premium,40.0,40.0,1,152,61,0,1,3,0,0.0,62,0
416,basic,10.0,350.0,35,31,40,0,0,3,0,0.0,1061,0
417,standard,20.0,200.0,10,26,105,0,0,1,0,0.0,380,0
418,standard,20.0,220.0,11,161,93,1,3,6,1,8.0,395,0
419,premium,40.0,920.0,23,122,61,1,2,6,0,0.0,725,0
420,premium,40.0,400.0,10,24,102,0,4,10,0,0.0,380,0
421,premium,40.0,1400.0,35,138,51,0,1,5,0,0.0,1072,1
422,standard,20.0,440.0,22,19,85,0,0,6,0,0.0,717,0
423,premium,40.0,280.0,7,113,48,0,1,5,0,0.0,230,1
424,basic,10.0,340.0,34,82,60,0,1,4,0,0.0,1056,0
425,basic,10.0,120.0,12,113,82,0,2,4,0,0.0,417,0
426,standard,20.0,400.0,20,135,44,0,0,1,0,0.0,619,0
427,standard,20.0,60.0,3,82,47,0,2,3,0,0.0,114,0
428,basic,10.0,280.0,28,124,96,0,1,3,0,0.0,908,1
429,standard,20.0,20.0,1,112,54,0,0,1,0,0.0,57,0
430,standard,20.0,360.0,18,160,114,0,0,3,0,0.0,628,1
431,premium,40.0,520.0,13,19,56,0,1,5,0,0.0,421,0
432,standard,20.0,400.0,20,171,111,0,0,6,0,0.0,687,0
433,standard,20.0,160.0,8,143,64,0,1,5,0,0.0,282,0
434,standard,20.0,520.0,26,63,102,0,2,4,0,0.0,853,0
435,basic,10.0,90.0,9,34,85,0,0,4,0,0.0,328,0
436,basic,10.0,50.0,5,150,49,0,0,2,0,0.0,174,0
437,basic,10.0,160.0,16,82,29,0,2,12,0,0.0,484,0
438,standard,20.0,200.0,10,193,64,0,1,4,0,0.0,337,1
439,basic,10.0,180.0,18,146,51,0,0,5,0,0.0,568,1
440,basic,10.0,180.0,18,141,69,0,2,7,0,0.0,580,0
441,premium,40.0,720.0,18,142,74,0,2,7,0,0.0,586,1
442,standard,20.0,400.0,20,166,88,0,1,5,0,0.0,658,0
443,standard,20.0,60.0,3,172,69,0,1,4,0,0.0,136,1
444,standard,20.0,640.0,32,171,37,0,1,5,0,0.0,976,0
445,basic,10.0,10.0,1,29,34,0,5,5,0,0.0,42,0
446,basic,10.0,130.0,13,7,71,0,1,5,0,0.0,435,0
447,premium,40.0,1000.0,25,139,38,0,3,6,0,0.0,766,0
448,basic,10.0,160.0,16,157,84,1,2,5,0,0.0,543,0
449,basic,10.0,150.0,15,37,47,0,0,6,0,0.0,471,1
450,premium,40.0,40.0,1,48,104,0,1,7,0,0.0,104,0
451,basic,10.0,60.0,6,144,21,0,1,5,0,0.0,180,1
452,basic,10.0,10.0,1,33,34,1,2,2,0,0.0,35,1
453,basic,10.0,310.0,31,7,81,0,0,3,0,0.0,983,0
454,basic,10.0,40.0,4,23,117,0,0,2,0,0.0,209,0
455,basic,10.0,10.0,1,176,5,4,4,4,0,0.0,11,0
456,basic,10.0,30.0,3,99,82,0,0,3,0,0.0,146,0
457,basic,10.0,250.0,25,171,49,0,0,3,0,0.0,777,1
458,standard,20.0,360.0,18,116,38,0,0,3,0,0.0,553,0
459,standard,20.0,180.0,9,110,54,0,1,3,0,0.0,294,0
460,standard,20.0,400.0,20,196,110,0,1,5,0,0.0,686,0
461,basic,10.0,240.0,24,36,51,0,1,4,0,0.0,750,0
462,basic,10.0,180.0,18,187,52,1,2,3,0,0.0,571,0
463,standard,20.0,100.0,5,3,32,0,2,4,0,0.0,157,0
464,standard,20.0,340.0,17,54,34,0,0,4,0,0.0,514,0
465,standard,20.0,380.0,19,79,54,0,0,7,0,0.0,599,0
466,premium,40.0,240.0,6,141,43,0,0,7,0,0.0,200,0
467,standard,20.0,640.0,32,32,60,0,1,4,0,0.0,994,0
468,premium,40.0,1240.0,31,126,24,0,0,3,0,0.0,930,1
469,standard,20.0,520.0,26,18,37,0,0,3,0,0.0,795,0
470,standard,20.0,260.0,13,3,78,0,0,5,0,0.0,438,0
471,standard,20.0,460.0,23,172,49,0,1,7,0,0.0,717,0
472,premium,40.0,80.0,2,183,73,0,0,4,0,0.0,103,1
473,standard,20.0,360.0,18,6,94,0,1,6,0,0.0,607,0
474,basic,10.0,270.0,27,60,64,0,3,6,0,0.0,852,0
475,standard,20.0,320.0,16,48,99,0,2,6,0,0.0,551,0
476,basic,10.0,240.0,24,54,81,1,1,6,1,9.0,780,0
477,standard,20.0,20.0,1,197,33,0,1,2,0,0.0,37,0
478,premium,40.0,160.0,4,197,79,0,1,2,0,0.0,173,0
479,standard,20.0,160.0,8,110,88,1,2,4,0,0.0,301,1
480,basic,10.0,100.0,10,191,106,0,0,2,0,0.0,382,1
481,basic,10.0,350.0,35,184,57,0,0,3,0,0.0,1081,1
482,premium,40.0,40.0,1,146,38,0,2,2,0,0.0,38,0
483,basic,10.0,120.0,12,180,74,0,1,2,0,0.0,408,1
484,standard,20.0,260.0,13,61,25,0,0,6,0,0.0,392,0
485,basic,10.0,140.0,14,81,98,0,2,6,0,0.0,493,0
486,basic,10.0,10.0,1,38,47,0,0,2,1,6.0,56,0
487,premium,40.0,920.0,23,106,43,0,1,4,1,0.0,710,0
488,basic,10.0,50.0,5,0,61,0,0,2,0,0.0,190,0
489,basic,10.0,10.0,1,103,48,0,0,1,0,0.0,57,1
490,basic,10.0,90.0,9,107,114,0,1,4,0,0.0,357,1
491,basic,10.0,20.0,2,167,98,0,1,5,1,4.0,130,1
492,standard,20.0,580.0,29,175,43,0,1,3,0,0.0,887,0
493,premium,40.0,1280.0,32,69,45,0,0,6,0,0.0,980,1
494,basic,10.0,270.0,27,88,80,0,0,1,0,0.0,862,1
495,premium,40.0,1160.0,29,168,90,0,0,9,1,3.0,934,1
496,basic,10.0,40.0,4,192,55,0,2,4,0,0.0,150,0
497,standard,20.0,440.0,22,45,43,0,0,6,0,0.0,682,1
498,basic,10.0,220.0,22,3,97,0,0,3,0,0.0,730,0
499,basic,10.0,80.0,8,39,55,0,1,4,0,0.0,267,0
500,basic,10.0,90.0,9,108,99,0,1,4,0,0.0,344,1
501,standard,20.0,20.0,1,118,-2,2,2,2,0,0.0,3,0
502,basic,10.0,180.0,18,48,108,0,0,2,0,0.0,619,0
503,premium,40.0,1360.0,34,38,58,0,1,8,0,0.0,1052,0
504,standard,20.0,380.0,19,57,46,0,0,6,0,0.0,593,0
505,basic,10.0,330.0,33,159,38,0,0,4,0,0.0,1004,0
506,basic,10.0,340.0,34,185,94,0,2,5,0,0.0,1084,1
507,basic,10.0,220.0,22,88,62,0,3,7,0,0.0,692,1
508,basic,10.0,60.0,6,136,39,0,2,7,0,0.0,195,1
509,basic,10.0,290.0,29,170,85,0,0,2,0,0.0,929,0
510,standard,20.0,460.0,23,150,92,0,0,7,0,0.0,754,0
511,basic,10.0,140.0,14,7,67,0,0,7,0,0.0,460,0
512,basic,10.0,240.0,24,32,35,0,1,3,0,0.0,726,1
513,basic,10.0,280.0,28,12,88,1,2,6,0,0.0,903,0
514,standard,20.0,640.0,32,9,81,0,0,7,0,0.0,1017,0
515,premium,40.0,320.0,8,108,38,0,1,2,0,0.0,257,0
516,standard,20.0,240.0,12,45,77,0,2,4,0,0.0,412,0
517,basic,10.0,190.0,19,50,107,0,0,4,0,0.0,655,0
518,basic,10.0,70.0,7,98,57,0,2,6,0,0.0,243,0
519,standard,20.0,380.0,19,90,90,0,0,6,0,0.0,638,0
520,basic,10.0,160.0,16,48,82,0,0,2,0,0.0,536,1
521,standard,20.0,120.0,6,131,48,0,0,2,0,0.0,205,1
522,basic,10.0,180.0,18,119,61,0,2,6,1,5.0,572,1
523,premium,40.0,520.0,13,6,80,0,1,3,0,0.0,447,0
524,standard,20.0,160.0,8,99,31,0,2,7,0,0.0,250,1
525,basic,10.0,160.0,16,171,80,0,0,2,0,0.0,536,1
526,basic,10.0,330.0,33,197,29,1,2,3,0,0.0,990,0
527,standard,20.0,640.0,32,32,108,0,2,7,0,0.0,1047,0
528,basic,10.0,160.0,16,159,46,0,0,0,1,8.0,503,0
529,basic,10.0,280.0,28,156,39,0,1,2,0,0.0,849,0
530,basic,10.0,90.0,9,91,33,0,1,4,0,0.0,275,1
531,standard,20.0,380.0,19,86,50,0,0,3,0,0.0,598,0
532,premium,40.0,920.0,23,67,30,0,4,10,0,0.0,694,0
533,basic,10.0,30.0,3,168,110,0,1,6,0,0.0,173,1
534,standard,20.0,80.0,4,41,40,0,3,7,0,0.0,136,0
535,standard,20.0,680.0,34,20,62,0,1,4,0,0.0,1052,0
536,basic,10.0,180.0,18,162,76,0,1,5,0,0.0,595,0
537,standard,20.0,320.0,16,104,89,0,1,5,0,0.0,543,1
538,standard,20.0,600.0,30,111,95,0,0,6,0,0.0,969,0
539,basic,10.0,10.0,1,76,59,0,3,3,0,0.0,67,0
540,basic,10.0,10.0,1,167,20,5,6,6,0,0.0,26,1
541,standard,20.0,20.0,1,152,14,5,5,5,0,0.0,14,1
542,standard,20.0,340.0,17,16,114,0,1,5,0,0.0,596,0
543,basic,10.0,310.0,31,35,84,0,1,2,0,0.0,984,0
544,premium,40.0,360.0,9,146,23,0,1,4,0,0.0,271,0
545,premium,40.0,360.0,9,168,36,0,0,4,0,0.0,282,0
546,standard,20.0,620.0,31,25,102,0,0,1,0,0.0,1010,0
547,basic,10.0,140.0,14,133,39,0,3,5,0,0.0,430,0
548,premium,40.0,240.0,6,48,55,1,4,6,0,0.0,210,0
549,standard,20.0,700.0,35,77,29,0,0,5,0,0.0,1055,0
550,basic,10.0,290.0,29,100,88,0,0,4,0,0.0,929,0
551,standard,20.0,220.0,11,136,38,0,1,7,0,0.0,347,1
552,standard,20.0,600.0,30,9,84,0,0,1,0,0.0,959,0
553,basic,10.0,160.0,16,169,71,0,0,6,0,0.0,523,0
554,basic,10.0,240.0,24,123,99,0,2,3,0,0.0,793,0
555,basic,10.0,330.0,33,143,95,0,1,4,1,6.0,1062,0
556,standard,20.0,420.0,21,119,22,0,2,6,0,0.0,630,1
557,basic,10.0,190.0,19,148,42,0,3,5,0,0.0,588,0
558,basic,10.0,170.0,17,34,80,0,0,6,0,0.0,564,0
559,basic,10.0,340.0,34,30,66,0,0,4,0,0.0,1060,0
560,standard,20.0,380.0,19,37,78,0,0,6,1,6.0,627,0
561,basic,10.0,180.0,18,196,49,0,0,6,1,2.0,565,1
562,basic,10.0,350.0,35,161,36,0,2,6,0,0.0,1058,0
563,premium,40.0,1240.0,31,81,109,0,0,2,0,0.0,1017,0
564,standard,20.0,260.0,13,186,81,0,0,6,0,0.0,442,1
565,basic,10.0,320.0,32,179,99,0,0,3,0,0.0,1036,0
566,premium,40.0,280.0,7,175,101,0,0,6,0,0.0,283,1
567,basic,10.0,150.0,15,24,101,0,4,8,0,0.0,521,0
568,basic,10.0,10.0,1,127,15,1,2,2,0,0.0,24,0
569,standard,20.0,20.0,1,72,44,0,2,4,0,0.0,52,0
570,standard,20.0,280.0,14,131,94,0,2,7,1,4.0,489,0
571,standard,20.0,160.0,8,138,44,0,1,8,0,0.0,261,0
572,premium,40.0,40.0,1,179,72,0,2,5,0,0.0,75,0
573,basic,10.0,260.0,26,86,81,0,1,10,0,0.0,839,0
574,standard,20.0,20.0,1,125,52,0,0,2,0,0.0,53,0
575,basic,10.0,70.0,7,141,89,2,3,10,0,0.0,272,0
576,standard,20.0,520.0,26,112,104,0,0,2,0,0.0,863,0
577,standard,20.0,680.0,34,188,31,0,0,6,0,0.0,1030,1
578,basic,10.0,330.0,33,27,62,0,2,8,1,3.0,1023,0
579,basic,10.0,20.0,2,65,41,0,1,3,0,0.0,74,0
580,basic,10.0,290.0,29,28,70,0,2,4,1,7.0,910,0
581,basic,10.0,340.0,34,63,81,0,1,9,2,1.0,1074,0
582,standard,20.0,140.0,7,16,96,0,4,9,0,0.0,280,0
583,basic,10.0,100.0,10,99,29,0,0,2,0,0.0,306,0
584,basic,10.0,270.0,27,47,24,0,2,6,0,0.0,810,0
585,basic,10.0,240.0,24,176,34,0,3,8,0,0.0,726,1
586,standard,20.0,600.0,30,131,95,0,0,4,0,0.0,973,1
587,basic,10.0,240.0,24,144,39,0,2,9,0,0.0,729,0
588,premium,40.0,80.0,2,135,29,1,3,4,0,0.0,62,0
589,basic,10.0,180.0,18,22,63,0,1,3,0,0.0,575,0
590,basic,10.0,90.0,9,65,101,0,0,5,0,0.0,347,0
591,basic,10.0,190.0,19,150,100,0,0,1,1,8.0,649,0
592,premium,40.0,40.0,1,87,46,0,0,1,0,0.0,46,0
593,premium,40.0,1040.0,26,153,23,1,1,8,0,0.0,781,1
594,basic,10.0,240.0,24,9,39,0,0,2,0,0.0,735,1
595,premium,40.0,480.0,12,111,35,1,2,8,0,0.0,366,0
596,standard,20.0,560.0,28,27,71,0,1,9,0,0.0,885,0
597,basic,10.0,350.0,35,28,62,0,0,6,0,0.0,1082,0
598,premium,40.0,1240.0,31,109,44,0,1,4,0,0.0,946,1
599,standard,20.0,240.0,12,155,101,0,0,3,0,0.0,438,1
600,basic,10.0,20.0,2,15,27,0,0,6,1,2.0,63,0
601,premium,40.0,760.0,19,139,41,0,2,4,0,0.0,590,0
602,standard,20.0,580.0,29,143,74,0,0,2,0,0.0,916,0
603,standard,20.0,40.0,2,99,58,0,0,3,0,0.0,88,0
604,basic,10.0,60.0,6,90,66,0,0,2,0,0.0,217,0
605,basic,10.0,70.0,7,163,41,0,4,8,0,0.0,227,0
606,basic,10.0,280.0,28,24,49,0,1,6,1,4.0,864,0
607,standard,20.0,580.0,29,1,71,0,2,7,0,0.0,915,0
608,standard,20.0,60.0,3,124,85,0,2,6,0,0.0,151,1
609,standard,20.0,20.0,1,174,17,0,1,1,0,0.0,22,0
610,basic,10.0,330.0,33,134,66,0,4,8,0,0.0,1033,1
611,standard,20.0,580.0,29,40,99,0,0,4,0,0.0,944,0
612,basic,10.0,200.0,20,56,106,0,1,2,0,0.0,678,0
613,premium,40.0,40.0,1,16,63,0,4,4,0,0.0,63,0
614,standard,20.0,380.0,19,111,107,0,0,5,0,0.0,655,0
615,basic,10.0,280.0,28,51,52,0,0,6,0,0.0,865,0
616,standard,20.0,20.0,1,138,21,0,3,3,0,0.0,27,0
617,basic,10.0,210.0,21,0,45,0,0,8,0,0.0,650,0
618,standard,20.0,60.0,3,23,46,0,0,6,0,0.0,112,0
619,premium,40.0,680.0,17,105,108,0,3,8,0,0.0,591,0
620,standard,20.0,400.0,20,184,98,0,1,2,0,0.0,675,1
621,standard,20.0,600.0,30,31,107,0,1,3,0,0.0,982,0
622,standard,20.0,400.0,20,81,52,2,4,9,0,0.0,630,0
623,basic,10.0,130.0,13,120,28,0,1,3,1,1.0,390,1
624,basic,10.0,90.0,9,118,70,0,0,4,0,0.0,312,0
625,standard,20.0,700.0,35,13,69,0,0,3,0,0.0,1089,0
626,basic,10.0,120.0,12,69,65,0,2,9,1,0.0,395,0
627,basic,10.0,130.0,13,104,97,0,2,6,0,0.0,460,1
628,basic,10.0,20.0,2,36,86,0,0,4,1,2.0,116,0
629,basic,10.0,50.0,5,100,43,0,1,5,0,0.0,171,1
630,standard,20.0,200.0,10,51,70,0,1,4,0,0.0,343,0
631,standard,20.0,300.0,15,117,22,0,1,5,0,0.0,450,1
632,premium,40.0,600.0,15,154,106,0,0,2,0,0.0,531,0
633,premium,40.0,160.0,4,3,91,1,2,6,0,0.0,183,0
634,standard,20.0,40.0,2,153,76,0,1,3,0,0.0,109,1
635,premium,40.0,1120.0,28,148,50,0,1,3,0,0.0,867,0
636,premium,40.0,960.0,24,10,43,0,3,6,0,0.0,733,0
637,standard,20.0,340.0,17,127,83,0,0,3,0,0.0,567,0
638,standard,20.0,420.0,21,71,84,1,1,3,0,0.0,693,0
639,standard,20.0,580.0,29,23,56,1,4,5,0,0.0,900,0
640,standard,20.0,440.0,22,57,80,0,0,5,0,0.0,711,1
641,basic,10.0,130.0,13,86,46,0,0,6,0,0.0,410,1
642,standard,20.0,340.0,17,56,78,0,2,7,0,0.0,559,0
643,basic,10.0,160.0,16,89,39,0,0,4,0,0.0,498,0
644,standard,20.0,660.0,33,88,96,0,1,2,0,0.0,1057,0
645,basic,10.0,100.0,10,27,110,0,1,9,1,8.0,381,0
646,basic,10.0,200.0,20,89,23,0,1,5,0,0.0,600,0
647,premium,40.0,40.0,1,159,34,0,4,4,0,0.0,43,0
648,standard,20.0,460.0,23,5,86,0,0,0,0,0.0,749,0
649,basic,10.0,150.0,15,30,107,0,0,5,1,3.0,532,0
650,basic,10.0,270.0,27,136,41,0,0,4,0,0.0,829,0
651,basic,10.0,160.0,16,139,91,0,2,7,0,0.0,543,0
652,basic,10.0,260.0,26,24,67,0,3,6,1,8.0,825,0
653,standard,20.0,600.0,30,182,92,0,4,9,0,0.0,969,0
654,basic,10.0,70.0,7,173,37,0,4,8,0,0.0,222,0
655,standard,20.0,320.0,16,11,83,0,0,5,0,0.0,537,0
656,standard,20.0,420.0,21,11,65,0,0,3,0,0.0,673,0
657,standard,20.0,560.0,28,156,32,0,1,3,1,4.0,844,0
658,basic,10.0,10.0,1,186,15,1,1,1,0,0.0,22,0
659,standard,20.0,320.0,16,143,42,0,1,8,0,0.0,497,0
660,basic,10.0,190.0,19,15,98,0,2,10,0,0.0,644,0
661,basic,10.0,60.0,6,37,68,0,0,3,0,0.0,225,0
662,basic,10.0,100.0,10,27,55,0,1,9,0,0.0,332,0
663,premium,40.0,960.0,24,142,57,1,1,5,0,0.0,755,0
664,basic,10.0,250.0,25,159,33,0,3,9,0,0.0,761,0
665,basic,10.0,120.0,12,194,64,0,0,3,0,0.0,398,1
666,basic,10.0,50.0,5,57,68,0,3,7,0,0.0,190,0
667,premium,40.0,880.0,22,54,74,0,0,8,0,0.0,711,0
668,standard,20.0,520.0,26,146,110,0,0,4,0,0.0,862,1
669,standard,20.0,480.0,24,48,69,0,1,4,1,4.0,761,0
670,basic,10.0,260.0,26,193,40,0,1,4,0,0.0,794,0
671,basic,10.0,140.0,14,97,64,0,0,7,0,0.0,455,0
672,basic,10.0,250.0,25,176,49,0,0,6,0,0.0,775,0
673,premium,40.0,40.0,1,10,45,0,0,4,0,0.0,50,0
674,standard,20.0,600.0,30,41,81,0,1,4,0,0.0,954,0
675,basic,10.0,210.0,21,157,96,0,1,2,0,0.0,700,0
676,standard,20.0,180.0,9,33,31,0,2,9,1,9.0,274,0
677,standard,20.0,580.0,29,121,36,0,1,5,0,0.0,883,1
678,standard,20.0,400.0,20,79,48,0,0,5,0,0.0,623,0
679,standard,20.0,300.0,15,50,50,0,1,3,0,0.0,476,1
680,standard,20.0,600.0,30,79,83,0,0,5,0,0.0,958,0
681,basic,10.0,140.0,14,133,52,1,2,3,0,0.0,450,0
682,basic,10.0,150.0,15,42,83,0,0,1,0,0.0,508,0
683,premium,40.0,400.0,10,45,46,0,0,5,0,0.0,322,0
684,premium,40.0,680.0,17,12,81,0,0,4,1,2.0,561,0
685,basic,10.0,80.0,8,61,37,0,0,3,0,0.0,255,0
686,basic,10.0,160.0,16,173,87,1,2,4,0,0.0,542,1
687,basic,10.0,130.0,13,127,76,0,0,7,1,6.0,445,1
688,basic,10.0,100.0,10,146,36,0,1,5,0,0.0,315,1
689,basic,10.0,100.0,10,20,41,0,1,4,0,0.0,318,0
690,basic,10.0,320.0,32,45,90,0,3,5,0,0.0,1023,1
691,standard,20.0,400.0,20,168,98,0,0,5,0,0.0,672,0
692,standard,20.0,360.0,18,87,40,0,0,6,0,0.0,557,0
693,basic,10.0,140.0,14,170,42,0,0,3,0,0.0,433,1
694,premium,40.0,1360.0,34,0,46,0,2,7,1,4.0,1039,0
695,basic,10.0,320.0,32,197,82,0,0,3,0,0.0,1018,0
696,basic,10.0,10.0,1,153,22,1,4,4,0,0.0,27,0
697,basic,10.0,320.0,32,34,65,0,4,6,0,0.0,1002,0
698,premium,40.0,400.0,10,28,98,0,2,8,0,0.0,373,0
699,basic,10.0,250.0,25,195,78,0,0,3,0,0.0,807,1
700,basic,10.0,300.0,30,99,39,0,1,3,0,0.0,910,0
701,standard,20.0,480.0,24,67,97,0,0,4,0,0.0,789,0
702,standard,20.0,40.0,2,196,51,0,0,5,1,4.0,89,0
703,basic,10.0,170.0,17,177,94,0,4,10,0,0.0,577,0
704,basic,10.0,280.0,28,88,93,0,2,8,0,0.0,904,1
705,basic,10.0,350.0,35,156,48,0,0,6,0,0.0,1077,1
706,standard,20.0,420.0,21,88,106,0,0,6,0,0.0,707,1
707,standard,20.0,20.0,1,124,113,0,0,5,0,0.0,117,1
708,premium,40.0,1320.0,33,45,78,0,1,2,1,1.0,1044,1
709,premium,40.0,680.0,17,167,79,0,1,5,0,0.0,565,1
710,basic,10.0,200.0,20,57,110,0,0,1,0,0.0,689,0
711,basic,10.0,300.0,30,135,46,0,1,6,0,0.0,916,0
712,standard,20.0,160.0,8,107,76,0,0,1,0,0.0,295,0
713,premium,40.0,640.0,16,42,99,0,0,3,0,0.0,556,0
714,basic,10.0,300.0,30,134,83,0,1,4,0,0.0,962,0
715,basic,10.0,10.0,1,27,15,0,1,1,2,4.0,15,0
716,basic,10.0,70.0,7,1,57,0,2,9,0,0.0,245,0
717,standard,20.0,320.0,16,38,97,0,3,4,0,0.0,550,0
718,standard,20.0,400.0,20,12,56,0,0,4,1,4.0,628,0
719,basic,10.0,150.0,15,60,31,2,2,9,0,0.0,452,0
720,basic,10.0,50.0,5,182,95,0,4,8,0,0.0,217,1
721,standard,20.0,640.0,32,139,44,0,1,5,0,0.0,983,1
722,standard,20.0,600.0,30,171,31,0,2,6,0,0.0,905,1
723,basic,10.0,290.0,29,144,70,0,0,6,0,0.0,911,1
724,standard,20.0,40.0,2,133,68,0,0,2,0,0.0,107,1
725,basic,10.0,170.0,17,122,119,0,0,5,1,3.0,599,0
726,standard,20.0,160.0,8,196,83,0,0,3,0,0.0,299,1
727,premium,40.0,1080.0,27,94,106,0,2,5,0,0.0,894,1
728,basic,10.0,320.0,32,71,107,0,1,5,0,0.0,1043,0
729,standard,20.0,440.0,22,143,93,0,2,7,0,0.0,724,1
730,standard,20.0,380.0,19,53,30,0,1,1,0,0.0,571,0
731,basic,10.0,210.0,21,140,112,0,1,4,1,2.0,713,1
732,standard,20.0,680.0,34,110,33,0,2,7,0,0.0,1024,0
733,basic,10.0,170.0,17,145,97,0,2,7,1,3.0,585,1
734,basic,10.0,90.0,9,42,57,1,3,5,0,0.0,304,0
735,standard,20.0,500.0,25,61,82,0,0,3,0,0.0,802,0
736,standard,20.0,440.0,22,164,62,0,0,5,0,0.0,698,0
737,premium,40.0,360.0,9,71,84,0,0,6,0,0.0,332,0
738,premium,40.0,240.0,6,74,96,0,2,9,0,0.0,248,0
739,basic,10.0,250.0,25,178,34,0,1,3,0,0.0,760,1
740,standard,20.0,60.0,3,116,69,0,1,4,0,0.0,129,1
741,standard,20.0,220.0,11,154,46,0,0,2,1,5.0,349,1
742,standard,20.0,600.0,30,144,23,0,1,5,0,0.0,902,0
743,standard,20.0,520.0,26,178,81,0,2,6,0,0.0,831,0
744,basic,10.0,40.0,4,0,118,0,0,3,0,0.0,208,0
745,standard,20.0,300.0,15,28,63,0,2,6,0,0.0,486,0
746,basic,10.0,200.0,20,51,98,0,0,4,0,0.0,673,0
747,basic,10.0,70.0,7,44,60,0,2,5,0,0.0,240,0
748,basic,10.0,220.0,22,151,41,0,0,11,0,0.0,677,1
749,premium,40.0,520.0,13,184,81,0,2,10,1,2.0,441,1
750,standard,20.0,200.0,10,162,108,0,0,2,0,0.0,379,0
751,standard,20.0,540.0,27,6,101,0,0,4,0,0.0,883,0
752,basic,10.0,10.0,1,112,28,0,1,1,0,0.0,29,0
753,basic,10.0,120.0,12,58,101,0,2,7,0,0.0,437,0
754,basic,10.0,100.0,10,182,73,0,1,4,0,0.0,348,1
755,basic,10.0,190.0,19,28,39,0,2,7,1,3.0,583,0
756,basic,10.0,270.0,27,170,73,0,1,8,0,0.0,853,0
757,standard,20.0,280.0,14,41,27,0,2,4,0,0.0,423,0
758,basic,10.0,360.0,36,50,39,0,3,6,0,0.0,1095,0
759,premium,40.0,600.0,15,119,61,1,1,5,1,2.0,486,0
760,basic,10.0,310.0,31,25,71,0,1,4,0,0.0,974,0
761,premium,40.0,1120.0,28,19,70,0,1,4,0,0.0,886,0
762,standard,20.0,460.0,23,42,110,0,0,5,0,0.0,773,0
763,standard,20.0,40.0,2,63,106,0,1,4,0,0.0,143,0
764,standard,20.0,640.0,32,81,84,0,0,2,1,0.0,1020,0
765,standard,20.0,440.0,22,69,100,0,0,2,0,0.0,732,0
766,premium,40.0,1320.0,33,111,57,1,1,5,0,0.0,1023,0
767,basic,10.0,210.0,21,34,55,0,1,4,0,0.0,657,0
768,standard,20.0,20.0,1,181,58,0,0,1,1,4.0,59,0
769,basic,10.0,280.0,28,46,51,0,2,5,0,0.0,869,0
770,basic,10.0,290.0,29,170,89,0,0,4,0,0.0,929,1
771,standard,20.0,220.0,11,179,78,0,0,3,0,0.0,380,1
772,standard,20.0,460.0,23,22,64,0,1,7,0,0.0,730,0
773,standard,20.0,340.0,17,139,39,0,2,5,0,0.0,523,0
774,basic,10.0,10.0,1,170,29,0,0,2,1,3.0,38,0
775,standard,20.0,620.0,31,66,88,2,6,9,0,0.0,990,1
776,basic,10.0,160.0,16,192,59,0,4,7,0,0.0,511,1
777,standard,20.0,60.0,3,130,69,0,1,3,0,0.0,136,0
778,premium,40.0,400.0,10,188,61,0,2,7,0,0.0,337,1
779,basic,10.0,10.0,1,116,28,1,2,2,0,0.0,28,1
780,standard,20.0,500.0,25,64,53,0,2,7,0,0.0,781,0
781,basic,10.0,120.0,12,119,33,1,4,11,0,0.0,365,0
782,standard,20.0,240.0,12,124,29,0,5,9,1,4.0,366,0
783,basic,10.0,110.0,11,145,50,0,0,4,0,0.0,359,1
784,basic,10.0,290.0,29,52,69,0,1,6,0,0.0,917,0
785,basic,10.0,70.0,7,58,84,0,0,7,0,0.0,269,0
786,standard,20.0,440.0,22,37,87,0,0,2,1,4.0,717,0
787,basic,10.0,310.0,31,55,36,0,2,6,0,0.0,942,0
788,basic,10.0,10.0,1,176,102,0,4,9,0,0.0,103,1
789,standard,20.0,340.0,17,58,79,0,1,9,0,0.0,565,0
790,basic,10.0,90.0,9,174,51,0,1,6,0,0.0,297,0
791,standard,20.0,460.0,23,82,33,1,3,8,1,6.0,693,0
792,basic,10.0,190.0,19,11,44,0,0,2,0,0.0,589,0
793,basic,10.0,340.0,34,173,56,0,0,6,0,0.0,1052,0
794,standard,20.0,380.0,19,27,54,0,1,8,0,0.0,594,0
795,basic,10.0,150.0,15,173,57,0,0,6,0,0.0,479,0
796,basic,10.0,80.0,8,33,72,0,1,4,0,0.0,283,0
797,basic,10.0,150.0,15,174,62,0,0,2,0,0.0,482,0
798,premium,40.0,840.0,21,103,57,0,5,10,1,6.0,660,0
799,standard,20.0,660.0,33,70,33,0,0,4,1,9.0,997,0
800,standard,20.0,360.0,18,21,106,0,1,4,0,0.0,622,0
801,premium,40.0,320.0,8,38,74,0,2,3,0,0.0,287,0
802,premium,40.0,600.0,15,126,47,0,1,8,0,0.0,474,0
803,standard,20.0,520.0,26,199,108,0,0,7,2,6.5,859,1
804,premium,40.0,640.0,16,57,25,0,1,8,0,0.0,483,0
805,standard,20.0,320.0,16,45,44,0,1,7,0,0.0,497,0
806,basic,10.0,180.0,18,26,73,0,1,4,0,0.0,591,0
807,basic,10.0,130.0,13,126,43,0,0,6,0,0.0,410,0
808,basic,10.0,130.0,13,66,73,0,0,4,0,0.0,434,0
809,standard,20.0,120.0,6,196,88,0,0,3,0,0.0,239,0
810,basic,10.0,310.0,31,26,29,2,3,7,0,0.0,931,0
811,premium,40.0,520.0,13,82,117,0,0,1,0,0.0,479,0
812,basic,10.0,80.0,8,130,67,0,1,4,0,0.0,286,0
813,premium,40.0,840.0,21,28,62,0,1,3,0,0.0,663,0
814,standard,20.0,580.0,29,160,75,0,3,8,0,0.0,918,0
815,basic,10.0,150.0,15,79,114,0,0,4,0,0.0,538,0
816,basic,10.0,60.0,6,45,57,1,2,7,0,0.0,210,0
817,basic,10.0,340.0,34,7,40,0,4,9,0,0.0,1038,0
818,basic,10.0,150.0,15,122,43,0,2,7,0,0.0,468,0
819,basic,10.0,310.0,31,115,89,0,0,4,0,0.0,997,0
820,basic,10.0,20.0,2,1,35,0,0,5,0,0.0,71,0
821,premium,40.0,400.0,10,16,61,0,0,3,0,0.0,332,0
822,basic,10.0,190.0,19,51,95,0,4,6,0,0.0,638,0
823,basic,10.0,70.0,7,186,73,0,0,7,1,2.0,258,0
824,standard,20.0,200.0,10,54,104,0,1,7,0,0.0,375,1
825,basic,10.0,90.0,9,186,25,1,4,7,1,6.0,273,1
826,basic,10.0,320.0,32,58,83,0,0,2,0,0.0,1015,0
827,basic,10.0,130.0,13,79,104,0,1,4,0,0.0,470,0
828,basic,10.0,250.0,25,103,40,0,2,3,0,0.0,763,0
829,basic,10.0,250.0,25,40,38,0,1,6,1,2.0,762,0
830,premium,40.0,1200.0,30,141,39,0,0,4,0,0.0,918,1
831,premium,40.0,760.0,19,84,55,0,0,2,0,0.0,598,1
832,basic,10.0,100.0,10,173,89,0,1,4,0,0.0,364,0
833,premium,40.0,400.0,10,27,72,0,0,5,0,0.0,343,0
834,standard,20.0,640.0,32,89,28,0,1,4,0,0.0,963,1
835,basic,10.0,250.0,25,110,62,0,3,6,0,0.0,786,1
836,premium,40.0,640.0,16,73,92,0,3,3,0,0.0,550,1
837,basic,10.0,330.0,33,98,75,0,0,2,1,6.0,1040,0
838,basic,10.0,270.0,27,26,30,0,1,4,0,0.0,819,0
839,standard,20.0,400.0,20,133,108,0,1,5,0,0.0,685,0
840,basic,10.0,300.0,30,50,34,0,2,6,0,0.0,912,0
841,basic,10.0,300.0,30,117,103,0,1,2,1,6.0,977,0
842,basic,10.0,50.0,5,118,79,0,1,7,0,0.0,205,0
843,basic,10.0,140.0,14,116,54,0,1,6,0,0.0,451,0
844,basic,10.0,250.0,25,186,103,0,0,5,0,0.0,829,0
845,premium,40.0,720.0,18,1,47,0,0,5,0,0.0,560,0
846,standard,20.0,640.0,32,88,70,0,1,9,0,0.0,1008,0
847,basic,10.0,80.0,8,118,94,0,2,5,0,0.0,311,0
848,basic,10.0,200.0,20,193,93,0,0,4,0,0.0,666,0
849,basic,10.0,180.0,18,124,118,0,0,1,0,0.0,628,0
850,basic,10.0,270.0,27,28,79,0,2,6,0,0.0,865,0
851,premium,40.0,480.0,12,4,36,0,0,4,0,0.0,370,0
852,basic,10.0,90.0,9,4,73,0,0,3,0,0.0,314,0
853,basic,10.0,130.0,13,56,81,0,0,3,0,0.0,448,0
854,basic,10.0,130.0,13,69,49,0,0,6,1,9.0,418,0
855,premium,40.0,240.0,6,70,43,0,1,3,2,6.5,202,0
856,standard,20.0,20.0,1,157,49,0,0,1,1,9.0,56,0
857,premium,40.0,1000.0,25,56,98,0,1,8,0,0.0,819,0
858,basic,10.0,30.0,3,90,95,0,0,2,0,0.0,163,0
859,basic,10.0,300.0,30,192,75,0,0,5,0,0.0,954,1
860,standard,20.0,480.0,24,109,63,0,1,5,0,0.0,760,0
861,basic,10.0,90.0,9,119,78,0,1,5,0,0.0,323,0
862,standard,20.0,80.0,4,79,54,0,0,4,0,0.0,153,0
863,standard,20.0,220.0,11,20,40,0,0,3,1,8.0,344,0
864,premium,40.0,1000.0,25,73,92,0,4,6,0,0.0,818,0
865,standard,20.0,380.0,19,108,86,0,0,2,0,0.0,627,0
866,basic,10.0,40.0,4,15,67,0,2,6,0,0.0,161,0
867,premium,40.0,840.0,21,84,108,0,0,3,1,3.0,714,0
868,basic,10.0,300.0,30,47,66,0,2,5,0,0.0,937,0
869,basic,10.0,100.0,10,177,55,0,0,6,0,0.0,329,1
870,standard,20.0,40.0,2,155,45,0,1,5,0,0.0,79,0
871,premium,40.0,40.0,1,160,54,0,3,6,0,0.0,61,1
872,basic,10.0,140.0,14,141,78,0,0,4,0,0.0,477,0
873,basic,10.0,200.0,20,113,77,0,2,6,0,0.0,649,0
874,basic,10.0,190.0,19,97,54,0,2,7,0,0.0,595,0
875,standard,20.0,660.0,33,53,49,0,1,4,0,0.0,1017,1
876,basic,10.0,210.0,21,180,47,0,0,5,0,0.0,654,1
877,standard,20.0,480.0,24,47,55,0,2,5,0,0.0,753,0
878,standard,20.0,420.0,21,136,82,0,0,3,1,6.0,682,0
879,premium,40.0,160.0,4,64,82,0,0,6,1,0.0,177,0
880,premium,40.0,1160.0,29,21,82,0,0,3,1,7.0,923,0
881,basic,10.0,70.0,7,81,37,0,0,1,0,0.0,225,1
882,standard,20.0,220.0,11,115,98,0,0,3,0,0.0,404,0
883,basic,10.0,20.0,2,102,68,0,0,3,0,0.0,102,0
884,basic,10.0,210.0,21,78,102,0,2,3,0,0.0,706,1
885,basic,10.0,230.0,23,54,90,0,1,3,0,0.0,753,0
886,basic,10.0,30.0,3,73,62,0,1,4,0,0.0,131,0
887,premium,40.0,1240.0,31,93,45,0,0,3,0,0.0,953,1
888,basic,10.0,320.0,32,21,27,1,1,6,1,1.0,960,1
889,premium,40.0,240.0,6,101,95,0,3,5,0,0.0,254,0
890,standard,20.0,340.0,17,92,102,0,1,3,0,0.0,583,1
891,standard,20.0,360.0,18,45,101,0,0,3,0,0.0,612,1
892,basic,10.0,130.0,13,71,86,0,4,7,1,1.0,455,1
893,basic,10.0,100.0,10,175,47,0,1,3,1,0.0,321,0
894,premium,40.0,360.0,9,96,56,0,1,2,0,0.0,297,0
895,standard,20.0,480.0,24,28,35,0,0,4,0,0.0,732,0
896,basic,10.0,100.0,10,176,102,0,1,5,0,0.0,378,1
897,basic,10.0,270.0,27,38,47,0,0,2,0,0.0,834,1
898,premium,40.0,720.0,18,119,112,0,0,3,1,9.0,628,0
899,basic,10.0,260.0,26,141,65,0,1,6,0,0.0,820,1
900,standard,20.0,140.0,7,148,108,0,0,1,0,0.0,294,1
901,standard,20.0,660.0,33,118,107,0,0,3,0,0.0,1076,0
902,basic,10.0,100.0,10,159,43,0,0,4,0,0.0,318,0
903,basic,10.0,70.0,7,50,61,0,1,3,0,0.0,247,0
904,premium,40.0,880.0,22,6,41,0,1,7,0,0.0,678,1
905,standard,20.0,660.0,33,99,77,0,0,3,0,0.0,1039,1
906,premium,40.0,760.0,19,195,82,0,1,9,0,0.0,627,0
907,standard,20.0,100.0,5,197,69,0,2,11,0,0.0,189,0
908,basic,10.0,230.0,23,193,42,0,2,7,0,0.0,707,1
909,basic,10.0,150.0,15,47,84,0,1,5,0,0.0,506,0
910,standard,20.0,160.0,8,57,28,0,1,7,0,0.0,244,0
911,basic,10.0,10.0,1,104,24,2,3,3,0,0.0,26,0
912,basic,10.0,310.0,31,111,32,0,2,5,0,0.0,939,0
913,basic,10.0,330.0,33,94,48,0,1,6,0,0.0,1008,0
914,standard,20.0,120.0,6,48,44,0,1,5,0,0.0,203,0
915,standard,20.0,80.0,4,97,92,0,2,6,0,0.0,186,0
916,premium,40.0,560.0,14,68,57,0,4,8,0,0.0,452,0
917,basic,10.0,260.0,26,29,90,0,2,7,0,0.0,849,0
918,standard,20.0,440.0,22,133,51,0,0,0,0,0.0,689,0
919,basic,10.0,130.0,13,172,113,0,0,1,0,0.0,478,0
920,premium,40.0,40.0,1,138,57,0,2,4,0,0.0,64,0
921,standard,20.0,660.0,33,152,101,0,2,8,1,7.0,1065,0
922,basic,10.0,10.0,1,183,38,0,0,2,1,6.0,47,1
923,premium,40.0,240.0,6,106,77,0,1,5,0,0.0,228,0
924,basic,10.0,10.0,1,29,31,0,3,3,0,0.0,35,0
925,premium,40.0,800.0,20,91,101,0,0,3,0,0.0,677,0
926,basic,10.0,310.0,31,78,85,0,0,8,2,3.0,985,1
927,standard,20.0,100.0,5,114,69,0,1,5,0,0.0,190,0
928,standard,20.0,360.0,18,93,43,0,1,3,0,0.0,558,0
929,basic,10.0,180.0,18,171,103,0,2,9,0,0.0,619,0
930,basic,10.0,10.0,1,148,87,0,0,3,1,0.0,87,0
931,premium,40.0,480.0,12,148,97,0,0,3,1,8.0,428,1
932,premium,40.0,1400.0,35,0,61,0,1,5,0,0.0,1086,0
933,premium,40.0,280.0,7,44,42,0,0,5,0,0.0,225,0
934,basic,10.0,250.0,25,48,38,0,1,5,1,9.0,767,0
935,standard,20.0,360.0,18,145,35,0,0,8,0,0.0,547,0
936,basic,10.0,190.0,19,151,49,0,3,10,0,0.0,592,0
937,basic,10.0,270.0,27,167,82,0,0,7,0,0.0,864,1
938,standard,20.0,500.0,25,159,69,0,3,12,0,0.0,791,1
939,premium,40.0,720.0,18,58,57,1,4,9,0,0.0,571,0
940,standard,20.0,280.0,14,53,72,0,1,8,1,3.0,470,0
941,standard,20.0,160.0,8,1,55,0,0,4,0,0.0,267,0
942,basic,10.0,160.0,16,80,50,0,0,1,0,0.0,508,0
943,standard,20.0,140.0,7,15,95,0,2,9,0,0.0,276,0
944,basic,10.0,30.0,3,151,108,0,0,3,0,0.0,171,1
945,basic,10.0,280.0,28,102,28,0,1,2,1,0.0,847,0
946,standard,20.0,500.0,25,149,109,0,1,7,1,0.0,833,1
947,standard,20.0,660.0,33,50,45,0,1,2,2,8.0,1014,0
948,basic,10.0,80.0,8,83,53,0,0,3,0,0.0,268,0
949,basic,10.0,310.0,31,30,87,0,0,9,0,0.0,992,1
950,premium,40.0,640.0,16,82,102,0,0,6,0,0.0,555,1
951,basic,10.0,10.0,1,195,3,0,1,1,0,0.0,12,0
952,basic,10.0,10.0,1,32,32,0,2,2,0,0.0,39,0
953,standard,20.0,180.0,9,109,46,0,0,1,0,0.0,293,0
954,basic,10.0,40.0,4,182,57,0,2,3,0,0.0,156,1
955,standard,20.0,320.0,16,95,64,0,0,5,1,2.0,514,0
956,basic,10.0,350.0,35,132,46,0,1,3,0,0.0,1073,0
957,standard,20.0,560.0,28,121,98,0,2,6,0,0.0,915,1
958,basic,10.0,200.0,20,166,88,0,1,6,0,0.0,658,0
959,basic,10.0,180.0,18,117,35,0,2,4,1,9.0,554,1
960,standard,20.0,500.0,25,30,95,0,2,7,0,0.0,816,0
961,standard,20.0,140.0,7,39,70,0,1,1,0,0.0,257,0
962,basic,10.0,160.0,16,59,102,0,0,5,1,8.0,561,1
963,basic,10.0,110.0,11,190,65,0,0,6,1,0.0,366,0
964,premium,40.0,40.0,1,161,2,2,2,2,0,0.0,5,1
965,standard,20.0,260.0,13,19,85,2,3,6,1,6.0,450,0
966,basic,10.0,140.0,14,81,67,0,1,6,0,0.0,461,0
967,standard,20.0,400.0,20,11,28,0,2,5,1,3.0,603,0
968,basic,10.0,320.0,32,86,85,0,0,4,0,0.0,1020,0
969,basic,10.0,330.0,33,171,100,0,2,8,1,2.0,1061,0
970,basic,10.0,70.0,7,9,94,0,0,3,0,0.0,277,0
971,basic,10.0,180.0,18,10,39,0,0,1,0,0.0,553,0
972,basic,10.0,290.0,29,145,28,1,2,11,0,0.0,876,1
973,standard,20.0,420.0,21,72,117,0,0,1,1,9.0,719,1
974,basic,10.0,180.0,18,141,73,0,1,5,0,0.0,589,0
975,standard,20.0,500.0,25,8,65,0,1,4,1,9.0,790,0
976,basic,10.0,130.0,13,52,32,0,2,4,0,0.0,399,0
977,standard,20.0,20.0,1,191,33,0,1,2,0,0.0,37,0
978,basic,10.0,30.0,3,94,31,0,3,8,0,0.0,96,0
979,basic,10.0,240.0,24,83,53,0,0,4,1,9.0,746,0
980,basic,10.0,240.0,24,127,26,1,5,15,1,2.0,722,0
981,standard,20.0,20.0,1,149,5,1,1,1,0,0.0,6,1
982,premium,40.0,400.0,10,84,90,0,1,3,0,0.0,367,0
983,premium,40.0,1280.0,32,104,64,0,1,2,0,0.0,998,0
984,standard,20.0,680.0,34,126,63,0,0,4,0,0.0,1057,0
985,basic,10.0,180.0,18,185,49,0,2,4,0,0.0,561,1
986,standard,20.0,660.0,33,14,61,0,1,2,0,0.0,1027,0
987,standard,20.0,200.0,10,140,23,1,2,6,0,0.0,301,0
988,standard,20.0,420.0,21,64,21,1,2,5,0,0.0,630,0
989,standard,20.0,640.0,32,181,84,0,0,5,0,0.0,1018,0
990,basic,10.0,130.0,13,103,83,0,1,9,0,0.0,450,0
991,premium,40.0,960.0,24,97,87,1,2,9,0,0.0,785,0
992,basic,10.0,250.0,25,127,61,0,3,6,0,0.0,785,0
993,standard,20.0,140.0,7,49,30,0,0,8,0,0.0,211,0
994,basic,10.0,80.0,8,160,66,0,3,8,0,0.0,282,1
995,basic,10.0,160.0,16,23,65,0,2,5,0,0.0,518,0
996,basic,10.0,220.0,22,136,113,0,1,9,0,0.0,744,0
997,basic,10.0,70.0,7,53,52,0,0,4,0,0.0,235,0
998,basic,10.0,240.0,24,125,104,0,0,2,0,0.0,800,1
999,basic,10.0,20.0,2,95,105,0,0,4,1,9.0,137,0
1000,premium,40.0,400.0,10,13,61,0,2,4,1,2.0,333,0
1001,standard,20.0,300.0,15,15,29,0,0,4,0,0.0,457,0
1002,premium,40.0,400.0,10,71,46,0,1,4,0,0.0,320,0
1003,standard,20.0,60.0,3,154,40,0,2,5,0,0.0,102,0
1004,basic,10.0,10.0,1,100,23,1,2,2,0,0.0,27,0
1005,basic,10.0,140.0,14,15,83,0,0,6,0,0.0,477,0
1006,basic,10.0,300.0,30,123,74,0,2,5,0,0.0,950,1
1007,basic,10.0,100.0,10,103,40,0,1,6,0,0.0,318,0
1008,basic,10.0,310.0,31,193,85,1,2,8,0,0.0,990,0
1009,basic,10.0,140.0,14,199,75,0,2,4,0,0.0,471,1
1010,standard,20.0,100.0,5,144,56,0,3,9,1,1.0,185,0
1011,standard,20.0,40.0,2,173,29,0,4,7,0,0.0,61,0
1012,standard,20.0,500.0,25,78,72,0,0,3,0,0.0,793,1
1013,basic,10.0,100.0,10,15,51,0,0,8,0,0.0,327,0
1014,basic,10.0,20.0,2,72,71,0,2,5,1,3.0,103,0
1015,standard,20.0,420.0,21,149,65,0,1,6,0,0.0,670,0
1016,basic,10.0,150.0,15,19,41,0,0,4,0,0.0,470,0
1017,standard,20.0,20.0,1,139,65,0,1,2,0,0.0,68,0
1018,premium,40.0,520.0,13,1,74,0,1,5,0,0.0,437,0
1019,standard,20.0,440.0,22,77,91,0,2,8,0,0.0,727,0
1020,basic,10.0,350.0,35,134,69,0,0,5,0,0.0,1090,1
1021,standard,20.0,680.0,34,69,77,0,0,2,1,0.0,1067,0
1022,basic,10.0,140.0,14,156,84,0,1,7,1,8.0,475,0
1023,premium,40.0,1280.0,32,18,87,0,3,9,0,0.0,1025,0
1024,basic,10.0,20.0,2,184,106,0,0,2,0,0.0,142,0
1025,standard,20.0,620.0,31,67,48,0,0,6,0,0.0,955,0
1026,standard,20.0,20.0,1,74,6,1,1,1,0,0.0,7,0
1027,basic,10.0,100.0,10,94,37,0,2,6,1,5.0,312,0
1028,standard,20.0,400.0,20,2,102,0,0,4,0,0.0,679,0
1029,basic,10.0,180.0,18,0,85,0,2,4,0,0.0,601,0
1030,standard,20.0,560.0,28,178,102,0,0,5,0,0.0,912,1
1031,standard,20.0,580.0,29,79,82,0,3,8,0,0.0,930,0
1032,standard,20.0,20.0,1,89,101,0,2,4,0,0.0,106,0
1033,standard,20.0,660.0,33,38,103,0,2,5,0,0.0,1071,0
1034,premium,40.0,760.0,19,84,99,0,2,9,0,0.0,642,0
1035,basic,10.0,140.0,14,189,45,0,1,4,0,0.0,436,0
1036,standard,20.0,360.0,18,3,82,0,1,4,0,0.0,600,0
1037,basic,10.0,10.0,1,74,73,0,1,5,0,0.0,81,0
1038,basic,10.0,180.0,18,163,71,0,1,4,0,0.0,582,0
1039,basic,10.0,90.0,9,66,95,0,1,3,0,0.0,341,0
1040,basic,10.0,160.0,16,82,44,0,3,4,0,0.0,496,0
1041,premium,40.0,360.0,9,92,33,0,0,2,0,0.0,278,0
1042,premium,40.0,1280.0,32,117,97,0,2,6,1,1.0,1029,0
1043,basic,10.0,50.0,5,43,44,0,0,8,0,0.0,164,0
1044,standard,20.0,660.0,33,166,119,0,0,3,0,0.0,1079,1
1045,standard,20.0,500.0,25,18,97,0,1,9,0,0.0,825,0
1046,standard,20.0,160.0,8,147,39,0,1,5,0,0.0,256,1
1047,standard,20.0,420.0,21,119,43,0,3,7,0,0.0,645,0
1048,basic,10.0,110.0,11,187,96,0,2,9,0,0.0,403,1
1049,premium,40.0,560.0,14,5,78,0,0,7,0,0.0,473,0
1050,standard,20.0,420.0,21,48,59,0,1,4,1,1.0,664,1
1051,basic,10.0,80.0,8,42,66,0,1,4,0,0.0,280,0
1052,basic,10.0,120.0,12,182,48,0,0,1,0,0.0,379,1
1053,basic,10.0,310.0,31,31,87,0,0,3,0,0.0,988,0
1054,standard,20.0,180.0,9,17,74,0,2,7,0,0.0,315,0
1055,basic,10.0,270.0,27,120,95,0,2,7,0,0.0,878,0
1056,basic,10.0,240.0,24,137,79,0,0,6,0,0.0,777,0
1057,standard,20.0,20.0,1,19,-2,3,3,3,0,0.0,1,0
1058,standard,20.0,420.0,21,150,61,0,3,7,0,0.0,666,0
1059,premium,40.0,680.0,17,0,51,0,1,3,0,0.0,536,0
1060,standard,20.0,500.0,25,106,104,0,1,7,0,0.0,825,1
1061,premium,40.0,600.0,15,151,54,0,0,5,0,0.0,479,0
1062,standard,20.0,600.0,30,50,72,0,0,2,0,0.0,944,0
1063,basic,10.0,320.0,32,170,76,0,0,2,0,0.0,1008,0
1064,standard,20.0,240.0,12,100,112,0,0,4,1,6.0,447,0
1065,basic,10.0,180.0,18,176,96,0,1,6,0,0.0,610,0
1066,basic,10.0,70.0,7,73,102,0,1,7,0,0.0,288,0
1067,standard,20.0,600.0,30,193,82,0,0,8,0,0.0,952,0
1068,standard,20.0,260.0,13,161,62,0,0,2,0,0.0,430,1
1069,standard,20.0,680.0,34,154,51,0,1,4,0,0.0,1046,1
1070,basic,10.0,270.0,27,32,33,1,2,4,0,0.0,816,0
1071,standard,20.0,580.0,29,158,73,0,0,4,0,0.0,918,0
1072,basic,10.0,130.0,13,51,29,0,1,4,0,0.0,393,1
1073,premium,40.0,1120.0,28,92,27,0,0,2,0,0.0,841,0
1074,premium,40.0,760.0,19,138,104,0,1,4,0,0.0,645,0
1075,basic,10.0,220.0,22,60,63,0,1,6,1,5.0,694,0
1076,basic,10.0,190.0,19,76,61,0,8,12,1,8.0,607,0
1077,premium,40.0,40.0,1,129,19,0,2,2,0,0.0,24,1
1078,standard,20.0,680.0,34,166,90,0,2,5,0,0.0,1081,0
1079,basic,10.0,170.0,17,30,97,0,3,7,0,0.0,580,1
1080,basic,10.0,80.0,8,113,26,0,2,6,0,0.0,242,1
1081,standard,20.0,300.0,15,190,69,0,0,6,0,0.0,498,1
1082,basic,10.0,20.0,2,32,76,0,0,6,0,0.0,113,0
1083,basic,10.0,210.0,21,123,42,0,2,5,0,0.0,650,1
1084,standard,20.0,460.0,23,52,116,0,1,2,1,1.0,776,0
1085,basic,10.0,180.0,18,58,109,0,0,2,0,0.0,622,0
1086,basic,10.0,210.0,21,135,95,0,2,6,0,0.0,699,1
1087,basic,10.0,270.0,27,64,99,0,0,3,1,1.0,883,0
1088,standard,20.0,360.0,18,3,46,0,1,3,1,1.0,557,0
1089,basic,10.0,60.0,6,18,25,0,0,4,1,2.0,184,0
1090,premium,40.0,840.0,21,70,53,0,1,5,1,6.0,660,0
1091,standard,20.0,80.0,4,50,99,0,1,6,0,0.0,198,1
1092,standard,20.0,420.0,21,48,83,2,2,3,0,0.0,691,0
1093,standard,20.0,60.0,3,47,102,0,1,3,0,0.0,162,0
1094,basic,10.0,70.0,7,190,92,0,0,10,0,0.0,279,0
1095,premium,40.0,520.0,13,41,80,0,0,5,0,0.0,443,0
1096,standard,20.0,220.0,11,18,76,0,1,7,0,0.0,380,0
1097,standard,20.0,500.0,25,57,51,0,0,4,0,0.0,772,0
1098,premium,40.0,960.0,24,146,45,0,2,9,0,0.0,744,1
1099,basic,10.0,200.0,20,43,67,0,3,10,0,0.0,639,0
1100,basic,10.0,130.0,13,24,39,0,1,2,0,0.0,401,0
1101,basic,10.0,200.0,20,32,95,0,1,4,0,0.0,667,1
1102,standard,20.0,200.0,10,45,77,0,1,5,0,0.0,347,1
1103,standard,20.0,440.0,22,55,30,1,2,5,0,0.0,663,0
1104,standard,20.0,360.0,18,177,103,0,2,7,0,0.0,614,0
1105,standard,20.0,180.0,9,118,70,0,0,4,0,0.0,312,0
1106,basic,10.0,260.0,26,33,57,0,2,8,0,0.0,810,0
1107,basic,10.0,10.0,1,140,73,0,0,2,0,0.0,82,1
1108,standard,20.0,60.0,3,115,87,0,0,4,0,0.0,151,0
1109,standard,20.0,140.0,7,95,46,0,0,5,0,0.0,228,0
1110,premium,40.0,1400.0,35,102,61,0,2,5,0,0.0,1089,0
1111,basic,10.0,310.0,31,35,30,0,3,6,0,0.0,937,0
1112,standard,20.0,180.0,9,117,66,0,1,8,0,0.0,308,0
1113,basic,10.0,130.0,13,153,90,1,1,6,0,0.0,452,0
1114,basic,10.0,50.0,5,124,88,0,2,5,0,0.0,210,0
1115,standard,20.0,720.0,36,52,39,0,3,7,0,0.0,1089,0
1116,premium,40.0,1080.0,27,34,79,0,0,5,0,0.0,865,0
1117,basic,10.0,230.0,23,15,107,0,1,7,0,0.0,772,1
1118,standard,20.0,280.0,14,135,73,0,1,4,0,0.0,471,0
1119,standard,20.0,300.0,15,169,83,0,0,4,0,0.0,509,0
1120,standard,20.0,20.0,1,189,17,1,1,1,0,0.0,20,1
1121,basic,10.0,190.0,19,106,50,0,0,5,1,7.0,599,1
1122,basic,10.0,230.0,23,165,100,0,0,6,0,0.0,765,0
1123,basic,10.0,110.0,11,93,30,1,1,11,0,0.0,333,0
1124,basic,10.0,130.0,13,2,55,0,2,3,0,0.0,422,0
1125,standard,20.0,320.0,16,119,51,0,0,4,0,0.0,510,0
1126,basic,10.0,210.0,21,135,39,0,2,8,0,0.0,642,0
1127,basic,10.0,340.0,34,167,78,0,0,2,0,0.0,1073,0
1128,standard,20.0,380.0,19,11,69,0,3,5,0,0.0,613,1
1129,premium,40.0,600.0,15,139,56,1,1,6,0,0.0,480,1
1130,standard,20.0,140.0,7,104,87,1,3,5,0,0.0,271,0
1131,basic,10.0,180.0,18,34,92,0,2,7,0,0.0,604,0
1132,standard,20.0,280.0,14,145,109,0,2,10,2,3.0,499,1
1133,basic,10.0,90.0,9,38,59,0,3,6,0,0.0,306,0
1134,basic,10.0,240.0,24,19,101,0,3,4,0,0.0,792,0
1135,standard,20.0,420.0,21,143,103,0,0,1,0,0.0,712,0
1136,standard,20.0,140.0,7,165,101,0,4,7,0,0.0,284,1
1137,basic,10.0,50.0,5,61,79,0,0,3,0,0.0,204,0
1138,standard,20.0,280.0,14,176,89,0,2,8,0,0.0,483,1
1139,basic,10.0,60.0,6,54,51,0,1,5,0,0.0,205,0
1140,premium,40.0,920.0,23,114,93,0,0,7,1,4.0,758,0
1141,premium,40.0,40.0,1,13,53,0,0,1,0,0.0,57,0
1142,basic,10.0,120.0,12,45,103,0,3,6,0,0.0,442,0
1143,basic,10.0,70.0,7,187,47,0,1,4,1,1.0,234,0
1144,standard,20.0,180.0,9,42,40,0,1,7,0,0.0,283,0
1145,premium,40.0,80.0,2,122,111,0,0,3,0,0.0,143,0
1146,standard,20.0,640.0,32,57,94,2,3,6,0,0.0,1025,0
1147,premium,40.0,1240.0,31,75,90,0,3,4,0,0.0,999,0
1148,basic,10.0,280.0,28,34,97,0,1,7,0,0.0,914,1
1149,standard,20.0,200.0,10,4,76,0,1,5,0,0.0,346,0
1150,basic,10.0,220.0,22,189,72,0,3,6,0,0.0,709,1
1151,basic,10.0,190.0,19,152,43,0,1,2,0,0.0,586,0
1152,basic,10.0,260.0,26,49,72,0,3,6,0,0.0,823,1
1153,premium,40.0,40.0,1,42,11,1,1,1,0,0.0,13,0
1154,basic,10.0,130.0,13,126,107,0,0,3,0,0.0,475,0
1155,standard,20.0,20.0,1,61,56,0,1,3,1,7.0,56,0
1156,standard,20.0,660.0,33,44,75,0,2,7,0,0.0,1042,1
1157,basic,10.0,130.0,13,29,37,0,0,5,0,0.0,402,0
1158,basic,10.0,30.0,3,3,28,0,1,4,0,0.0,91,0
1159,basic,10.0,20.0,2,170,87,2,6,8,0,0.0,120,1
1160,basic,10.0,70.0,7,54,104,0,0,4,0,0.0,290,0
1161,basic,10.0,280.0,28,89,79,0,1,4,0,0.0,891,0
1162,standard,20.0,420.0,21,116,27,0,2,8,0,0.0,636,0
1163,basic,10.0,30.0,3,121,60,0,2,7,0,0.0,126,0
1164,basic,10.0,290.0,29,150,87,0,0,2,0,0.0,929,0
1165,standard,20.0,620.0,31,185,73,0,1,10,0,0.0,981,0
1166,basic,10.0,320.0,32,96,89,0,1,3,1,0.0,1027,1
1167,premium,40.0,1160.0,29,176,42,0,0,5,0,0.0,887,0
1168,basic,10.0,70.0,7,25,104,0,1,3,0,0.0,286,0
1169,basic,10.0,170.0,17,0,33,0,1,4,1,3.0,517,0
1170,basic,10.0,150.0,15,22,52,0,2,6,0,0.0,475,0
1171,basic,10.0,140.0,14,155,95,0,1,5,0,0.0,489,1
1172,basic,10.0,200.0,20,114,71,0,1,5,0,0.0,641,1
1173,premium,40.0,1000.0,25,11,110,0,1,4,0,0.0,832,0
1174,basic,10.0,230.0,23,51,90,0,3,4,0,0.0,752,0
1175,premium,40.0,800.0,20,15,85,0,3,5,1,9.0,664,0
1176,basic,10.0,330.0,33,105,69,0,2,3,0,0.0,1036,1
1177,basic,10.0,110.0,11,60,109,0,0,2,0,0.0,411,0
1178,basic,10.0,60.0,6,39,109,0,0,7,1,3.0,265,0
1179,basic,10.0,340.0,34,133,60,0,2,5,0,0.0,1054,0
1180,standard,20.0,520.0,26,95,114,0,0,2,0,0.0,865,0
1181,premium,40.0,440.0,11,3,83,0,2,7,0,0.0,390,0
1182,standard,20.0,520.0,26,81,46,0,1,2,0,0.0,802,0
1183,standard,20.0,620.0,31,72,94,0,1,5,0,0.0,1000,1
1184,standard,20.0,540.0,27,9,51,3,5,8,0,0.0,840,0
1185,basic,10.0,10.0,1,86,44,0,1,3,0,0.0,49,0
1186,basic,10.0,140.0,14,37,85,0,1,7,0,0.0,475,0
1187,standard,20.0,20.0,1,108,78,0,1,4,0,0.0,84,0
1188,basic,10.0,240.0,24,146,84,0,0,8,0,0.0,778,0
1189,basic,10.0,40.0,4,106,53,0,0,1,0,0.0,148,0
1190,standard,20.0,600.0,30,83,99,0,2,10,0,0.0,976,0
1191,standard,20.0,140.0,7,45,33,0,1,5,0,0.0,221,0
1192,basic,10.0,30.0,3,76,72,0,1,11,0,0.0,140,0
1193,basic,10.0,330.0,33,162,63,0,2,7,0,0.0,1024,0
1194,basic,10.0,280.0,28,133,95,0,3,11,1,5.0,906,0
1195,basic,10.0,110.0,11,16,110,0,0,1,0,0.0,418,1
1196,standard,20.0,540.0,27,54,76,0,0,2,0,0.0,859,0
1197,basic,10.0,50.0,5,89,67,0,1,2,0,0.0,190,0
1198,basic,10.0,70.0,7,143,101,0,0,8,0,0.0,285,1
1199,standard,20.0,60.0,3,50,117,0,0,1,0,0.0,179,0
1200,standard,20.0,380.0,19,3,46,0,1,7,0,0.0,593,0
1201,basic,10.0,30.0,3,29,59,0,2,3,0,0.0,125,0
1202,basic,10.0,20.0,2,36,41,0,0,3,0,0.0,72,0
1203,basic,10.0,60.0,6,39,38,0,1,5,0,0.0,191,0
1204,basic,10.0,30.0,3,169,54,0,1,2,0,0.0,116,1
1205,basic,10.0,20.0,2,156,82,0,0,4,0,0.0,112,0
1206,basic,10.0,150.0,15,129,61,1,3,5,0,0.0,481,0
1207,basic,10.0,360.0,36,113,26,0,3,9,0,0.0,1081,0
1208,standard,20.0,560.0,28,110,102,0,1,5,0,0.0,916,0
1209,basic,10.0,200.0,20,159,116,0,1,8,0,0.0,687,1
1210,basic,10.0,250.0,25,3,29,0,0,6,0,0.0,758,0
1211,basic,10.0,60.0,6,142,104,0,2,8,0,0.0,257,0
1212,basic,10.0,110.0,11,141,69,0,0,3,0,0.0,369,1
1213,standard,20.0,380.0,19,43,86,0,1,4,0,0.0,631,0
1214,basic,10.0,250.0,25,76,50,0,2,8,0,0.0,770,0
1215,basic,10.0,80.0,8,68,104,0,0,3,0,0.0,323,0
1216,basic,10.0,150.0,15,6,107,0,0,7,0,0.0,534,0
1217,standard,20.0,540.0,27,46,43,0,2,11,0,0.0,828,0
1218,premium,40.0,1280.0,32,10,28,1,1,3,0,0.0,962,0
1219,basic,10.0,30.0,3,97,42,0,1,6,0,0.0,105,0
1220,premium,40.0,640.0,16,2,25,1,3,6,0,0.0,481,1
1221,basic,10.0,60.0,6,61,61,1,3,5,0,0.0,211,1
1222,basic,10.0,20.0,2,73,28,0,4,6,0,0.0,64,0
1223,premium,40.0,240.0,6,128,61,0,1,5,0,0.0,214,0
1224,basic,10.0,130.0,13,114,47,0,1,8,0,0.0,414,0
1225,basic,10.0,240.0,24,96,71,0,0,1,0,0.0,770,1
1226,basic,10.0,250.0,25,94,57,1,4,9,0,0.0,781,0
1227,premium,40.0,920.0,23,17,71,0,1,2,0,0.0,731,0
1228,basic,10.0,300.0,30,104,97,0,2,5,0,0.0,969,1
1229,basic,10.0,10.0,1,183,30,0,1,2,0,0.0,38,0
1230,basic,10.0,120.0,12,125,105,0,1,7,0,0.0,441,1
1231,premium,40.0,960.0,24,116,112,0,0,2,0,0.0,805,0
1232,premium,40.0,640.0,16,61,35,0,2,6,0,0.0,492,1
1233,standard,20.0,20.0,1,148,77,0,2,6,0,0.0,77,0
1234,basic,10.0,60.0,6,119,112,0,0,4,0,0.0,268,0
1235,standard,20.0,160.0,8,122,108,0,0,4,0,0.0,323,1
1236,premium,40.0,1440.0,36,62,35,0,3,8,0,0.0,1093,1
1237,standard,20.0,20.0,1,52,26,1,3,3,0,0.0,27,0
1238,standard,20.0,580.0,29,51,88,0,0,6,0,0.0,929,0
1239,basic,10.0,30.0,3,101,55,0,0,1,0,0.0,121,0
1240,basic,10.0,140.0,14,24,29,0,0,1,0,0.0,422,0
1241,basic,10.0,190.0,19,46,86,0,1,6,0,0.0,626,1
1242,premium,40.0,600.0,15,19,42,0,3,8,0,0.0,466,0
1243,basic,10.0,200.0,20,78,83,0,0,5,1,4.0,657,1
1244,basic,10.0,80.0,8,107,109,0,0,1,0,0.0,326,0
1245,basic,10.0,200.0,20,151,52,0,1,8,0,0.0,630,0
1246,basic,10.0,30.0,3,132,50,0,2,6,0,0.0,117,1
1247,basic,10.0,20.0,2,66,35,0,0,5,0,0.0,70,0
1248,standard,20.0,140.0,7,37,66,0,1,7,0,0.0,255,0
1249,standard,20.0,460.0,23,103,49,0,0,7,0,0.0,716,0
1250,premium,40.0,480.0,12,90,96,0,4,12,0,0.0,427,1
1251,basic,10.0,180.0,18,50,57,0,2,10,0,0.0,571,0
1252,basic,10.0,10.0,1,146,-1,2,2,2,0,0.0,7,1
1253,basic,10.0,290.0,29,141,97,0,2,5,0,0.0,942,0
1254,standard,20.0,460.0,23,76,61,0,0,6,2,6.0,727,0
1255,basic,10.0,130.0,13,25,46,0,1,7,0,0.0,414,0
1256,basic,10.0,270.0,27,128,51,0,0,6,0,0.0,832,0
1257,basic,10.0,220.0,22,193,24,3,4,5,0,0.0,661,0
1258,basic,10.0,260.0,26,141,42,0,2,4,0,0.0,801,0
1259,basic,10.0,330.0,33,47,85,0,0,7,0,0.0,1047,0
1260,premium,40.0,520.0,13,21,46,0,1,3,0,0.0,408,1
1261,basic,10.0,140.0,14,73,61,1,4,9,0,0.0,453,0
1262,basic,10.0,320.0,32,194,30,0,4,11,0,0.0,965,1
1263,premium,40.0,480.0,12,74,71,0,1,5,0,0.0,404,0
1264,standard,20.0,420.0,21,153,44,0,3,7,0,0.0,649,0
1265,basic,10.0,260.0,26,149,100,0,1,2,0,0.0,858,1
1266,basic,10.0,230.0,23,172,51,0,0,7,0,0.0,718,0
1267,basic,10.0,260.0,26,162,46,0,1,2,0,0.0,800,0
1268,basic,10.0,300.0,30,26,87,1,4,9,1,4.0,965,0
1269,standard,20.0,540.0,27,79,50,0,0,6,0,0.0,834,1
1270,standard,20.0,120.0,6,86,30,0,1,4,0,0.0,188,0
1271,basic,10.0,340.0,34,3,97,0,0,2,0,0.0,1093,0
1272,basic,10.0,60.0,6,138,28,1,1,9,0,0.0,182,1
1273,basic,10.0,190.0,19,6,44,0,1,5,0,0.0,588,0
1274,standard,20.0,520.0,26,51,64,0,1,2,0,0.0,820,0
1275,standard,20.0,560.0,28,197,80,0,0,1,0,0.0,898,0
1276,basic,10.0,330.0,33,23,34,0,0,3,1,3.0,998,0
1277,basic,10.0,180.0,18,169,32,0,0,2,0,0.0,550,1
1278,standard,20.0,240.0,12,156,75,0,1,5,0,0.0,409,0
1279,premium,40.0,720.0,18,178,35,0,0,4,0,0.0,553,0
1280,premium,40.0,1160.0,29,185,28,0,3,5,1,2.0,872,0
1281,standard,20.0,600.0,30,117,56,0,1,5,0,0.0,926,0
1282,basic,10.0,130.0,13,22,93,0,1,4,1,8.0,457,0
1283,standard,20.0,560.0,28,176,102,0,2,6,0,0.0,917,0
1284,basic,10.0,200.0,20,184,92,0,3,9,0,0.0,668,1
1285,premium,40.0,640.0,16,56,33,1,2,5,0,0.0,487,0
1286,basic,10.0,40.0,4,129,61,0,0,1,0,0.0,153,0
1287,basic,10.0,300.0,30,97,59,0,1,7,0,0.0,935,1
1288,standard,20.0,460.0,23,40,85,0,2,6,1,7.0,754,0
1289,basic,10.0,100.0,10,170,111,0,0,5,0,0.0,384,1
1290,basic,10.0,170.0,17,54,46,0,3,8,0,0.0,526,0
1291,basic,10.0,100.0,10,145,76,0,0,5,0,0.0,346,1
1292,standard,20.0,620.0,31,163,100,0,0,8,0,0.0,1006,0
1293,basic,10.0,260.0,26,19,72,0,0,5,0,0.0,828,0
1294,basic,10.0,230.0,23,141,34,0,0,7,0,0.0,696,1
1295,premium,40.0,120.0,3,78,73,0,0,4,0,0.0,142,1
1296,standard,20.0,60.0,3,30,44,0,0,5,0,0.0,107,0
1297,standard,20.0,500.0,25,79,115,0,1,5,0,0.0,835,0
1298,standard,20.0,620.0,31,122,30,0,1,4,0,0.0,936,0
1299,basic,10.0,280.0,28,125,62,0,0,5,0,0.0,876,0
1300,standard,20.0,160.0,8,31,56,0,2,9,1,2.0,271,0
1301,premium,40.0,960.0,24,11,96,0,1,4,0,0.0,786,0
1302,standard,20.0,400.0,20,105,23,0,0,4,0,0.0,602,0
1303,standard,20.0,460.0,23,58,40,0,1,5,0,0.0,707,0
1304,basic,10.0,130.0,13,82,112,0,0,3,0,0.0,478,0
1305,standard,20.0,40.0,2,20,89,1,4,8,1,3.0,121,0
1306,basic,10.0,30.0,3,71,49,0,2,5,0,0.0,116,1
1307,standard,20.0,280.0,14,117,34,0,0,3,0,0.0,431,1
1308,basic,10.0,10.0,1,42,108,0,0,3,1,7.0,109,0
1309,standard,20.0,160.0,8,120,52,0,0,2,0,0.0,270,1
1310,basic,10.0,180.0,18,108,101,0,2,6,0,0.0,618,0
1311,basic,10.0,120.0,12,83,38,0,2,9,0,0.0,370,0
1312,standard,20.0,20.0,1,193,-2,3,3,3,0,0.0,7,0
1313,standard,20.0,560.0,28,146,92,0,1,4,0,0.0,909,1
1314,basic,10.0,240.0,24,113,94,0,1,4,0,0.0,784,0
1315,standard,20.0,200.0,10,179,30,1,1,7,0,0.0,301,0
1316,standard,20.0,560.0,28,67,39,0,1,3,0,0.0,851,0
1317,basic,10.0,180.0,18,144,73,0,0,1,0,0.0,583,0
1318,standard,20.0,240.0,12,21,87,0,1,6,0,0.0,421,0
1319,standard,20.0,620.0,31,88,72,0,1,7,0,0.0,977,0
1320,basic,10.0,130.0,13,175,80,0,0,5,0,0.0,449,0
1321,premium,40.0,160.0,4,42,102,0,3,5,0,0.0,196,1
1322,standard,20.0,300.0,15,16,104,0,1,6,0,0.0,525,0
1323,standard,20.0,20.0,1,154,23,0,2,2,0,0.0,30,0
1324,basic,10.0,250.0,25,77,34,0,3,10,1,7.0,759,0
1325,basic,10.0,230.0,23,34,25,0,1,3,0,0.0,693,0
1326,basic,10.0,200.0,20,93,47,0,0,3,0,0.0,621,0
1327,basic,10.0,90.0,9,111,89,1,4,9,0,0.0,336,0
1328,premium,40.0,640.0,16,13,43,0,1,8,0,0.0,497,0
1329,basic,10.0,110.0,11,155,85,0,2,6,0,0.0,394,0
1330,premium,40.0,1320.0,33,74,104,0,1,8,0,0.0,1066,1
1331,standard,20.0,460.0,23,157,104,0,1,8,0,0.0,767,0
1332,basic,10.0,320.0,32,139,86,0,0,5,0,0.0,1024,1
1333,basic,10.0,120.0,12,51,40,0,4,8,0,0.0,370,0
1334,basic,10.0,350.0,35,14,30,0,0,4,0,0.0,1053,0
1335,basic,10.0,130.0,13,15,55,0,2,9,1,3.0,421,0
1336,premium,40.0,120.0,3,76,114,0,0,4,0,0.0,177,1
1337,standard,20.0,120.0,6,191,93,0,1,3,0,0.0,247,0
1338,standard,20.0,260.0,13,0,50,0,0,3,0,0.0,417,0
1339,premium,40.0,200.0,5,22,95,0,3,6,0,0.0,215,0
1340,standard,20.0,460.0,23,79,88,1,6,13,0,0.0,752,0
1341,standard,20.0,240.0,12,60,49,0,0,3,0,0.0,380,0
1342,basic,10.0,140.0,14,70,75,0,0,4,0,0.0,466,1
1343,standard,20.0,380.0,19,38,55,0,0,4,0,0.0,602,0
1344,basic,10.0,30.0,3,183,69,0,2,10,0,0.0,135,0
1345,basic,10.0,180.0,18,15,64,0,0,2,0,0.0,575,0
1346,standard,20.0,620.0,31,2,78,0,0,4,0,0.0,986,0
1347,basic,10.0,160.0,16,136,93,0,2,4,1,9.0,548,1
1348,standard,20.0,540.0,27,101,100,0,1,4,0,0.0,881,0
1349,basic,10.0,10.0,1,87,55,0,6,7,0,0.0,64,1
1350,basic,10.0,230.0,23,112,68,0,3,7,0,0.0,734,0
1351,basic,10.0,100.0,10,87,45,0,0,2,0,0.0,316,0
1352,basic,10.0,180.0,18,104,84,0,0,6,0,0.0,594,0
1353,basic,10.0,330.0,33,84,98,0,5,9,0,0.0,1061,1
1354,basic,10.0,210.0,21,189,100,0,2,5,0,0.0,703,0
1355,standard,20.0,20.0,1,166,54,0,2,3,1,3.0,62,0
1356,premium,40.0,160.0,4,143,72,0,1,3,0,0.0,166,0
1357,premium,40.0,560.0,14,121,63,0,2,4,0,0.0,455,0
1358,basic,10.0,140.0,14,129,100,0,0,5,0,0.0,498,1
1359,standard,20.0,420.0,21,100,94,0,0,2,0,0.0,701,1
1360,basic,10.0,310.0,31,11,111,0,1,5,0,0.0,1012,0
1361,premium,40.0,80.0,2,70,57,0,0,3,1,4.0,89,1
1362,basic,10.0,250.0,25,30,85,0,0,9,0,0.0,808,0
1363,basic,10.0,320.0,32,118,74,0,2,7,1,3.0,1009,0
1364,standard,20.0,340.0,17,143,60,0,0,2,0,0.0,540,0
1365,premium,40.0,1240.0,31,53,91,0,0,2,0,0.0,999,1
1366,basic,10.0,80.0,8,177,52,0,1,2,0,0.0,264,0
1367,premium,40.0,400.0,10,2,106,0,0,5,0,0.0,385,0
1368,basic,10.0,110.0,11,36,105,0,2,5,0,0.0,407,1
1369,standard,20.0,120.0,6,144,101,0,2,7,0,0.0,254,1
1370,basic,10.0,10.0,1,122,2,1,1,1,0,0.0,5,0
1371,basic,10.0,260.0,26,40,54,1,1,4,0,0.0,811,1
1372,standard,20.0,460.0,23,185,82,0,0,2,1,3.0,742,0
1373,standard,20.0,320.0,16,177,52,0,0,7,0,0.0,503,1
1374,basic,10.0,130.0,13,52,51,0,0,4,0,0.0,417,0
1375,basic,10.0,340.0,34,9,71,0,0,2,1,1.0,1066,0
1376,basic,10.0,10.0,1,3,39,0,0,4,0,0.0,45,0
1377,standard,20.0,300.0,15,190,103,0,0,2,0,0.0,530,1
1378,standard,20.0,380.0,19,91,60,0,1,6,0,0.0,605,0
1379,basic,10.0,130.0,13,47,55,0,0,4,0,0.0,415,1
1380,standard,20.0,560.0,28,61,106,0,1,4,0,0.0,919,0
1381,standard,20.0,400.0,20,162,39,0,0,8,0,0.0,614,0
1382,basic,10.0,280.0,28,71,30,0,2,3,0,0.0,844,0
1383,basic,10.0,340.0,34,110,92,0,1,3,0,0.0,1082,0
1384,standard,20.0,380.0,19,24,105,0,0,3,0,0.0,654,0
1385,basic,10.0,300.0,30,188,72,0,1,4,1,6.0,947,1
1386,basic,10.0,310.0,31,148,57,0,0,2,0,0.0,959,0
1387,basic,10.0,300.0,30,38,72,0,0,10,0,0.0,942,0
1388,basic,10.0,170.0,17,17,90,1,2,4,0,0.0,575,0
1389,basic,10.0,60.0,6,21,63,0,1,3,0,0.0,221,0
1390,basic,10.0,10.0,1,161,24,1,5,5,0,0.0,33,0
1391,basic,10.0,50.0,5,62,95,0,3,7,0,0.0,215,0
1392,standard,20.0,40.0,2,116,103,0,1,2,0,0.0,134,1
1393,standard,20.0,300.0,15,119,89,0,4,8,0,0.0,514,0
1394,basic,10.0,130.0,13,36,74,0,0,6,1,4.0,443,0
1395,basic,10.0,140.0,14,196,60,1,2,6,0,0.0,454,0
1396,basic,10.0,10.0,1,133,68,0,1,2,0,0.0,70,0
1397,basic,10.0,220.0,22,90,89,0,0,4,0,0.0,719,0
1398,standard,20.0,260.0,13,2,42,0,3,5,0,0.0,407,0
1399,standard,20.0,20.0,1,8,39,0,1,2,0,0.0,46,0
1400,standard,20.0,620.0,31,188,106,0,1,5,0,0.0,1007,0
1401,standard,20.0,140.0,7,131,93,0,2,6,0,0.0,276,0
1402,standard,20.0,200.0,10,164,104,0,2,4,0,0.0,379,0
1403,standard,20.0,100.0,5,149,93,1,3,5,0,0.0,216,0
1404,standard,20.0,280.0,14,190,61,1,3,5,0,0.0,451,1
1405,standard,20.0,240.0,12,28,44,0,2,6,0,0.0,378,0
1406,standard,20.0,240.0,12,3,56,0,0,3,1,4.0,389,0
1407,basic,10.0,190.0,19,43,57,0,0,9,0,0.0,599,1
1408,premium,40.0,1040.0,26,35,52,0,6,14,1,9.0,811,0
1409,premium,40.0,880.0,22,4,102,0,1,4,1,4.0,733,0
1410,standard,20.0,180.0,9,182,53,0,1,5,0,0.0,293,1
1411,standard,20.0,260.0,13,13,53,0,1,7,1,2.0,415,0
1412,basic,10.0,160.0,16,36,55,0,1,2,0,0.0,511,0
1413,basic,10.0,290.0,29,40,76,0,1,2,0,0.0,922,1
1414,basic,10.0,10.0,1,91,33,0,2,2,0,0.0,37,1
1415,basic,10.0,150.0,15,184,41,0,0,5,0,0.0,465,1
1416,premium,40.0,1160.0,29,25,113,0,0,4,0,0.0,955,0
1417,basic,10.0,20.0,2,181,95,0,0,0,1,6.0,129,0
1418,basic,10.0,170.0,17,182,31,0,2,6,0,0.0,520,1
1419,premium,40.0,720.0,18,77,55,0,0,4,0,0.0,572,0
1420,basic,10.0,30.0,3,67,93,0,1,3,0,0.0,162,0
1421,standard,20.0,420.0,21,111,76,0,1,5,0,0.0,684,0
1422,standard,20.0,600.0,30,126,42,0,3,8,0,0.0,912,0
1423,basic,10.0,290.0,29,96,64,0,1,2,0,0.0,910,1
1424,basic,10.0,60.0,6,6,93,0,1,7,0,0.0,250,0
1425,basic,10.0,270.0,27,108,60,0,0,7,0,0.0,842,0
1426,standard,20.0,20.0,1,101,68,0,1,1,0,0.0,72,0
1427,premium,40.0,120.0,3,5,40,0,0,2,0,0.0,109,0
1428,basic,10.0,90.0,9,158,38,0,1,4,0,0.0,287,0
1429,standard,20.0,80.0,4,72,86,0,2,4,0,0.0,182,0
1430,standard,20.0,240.0,12,46,44,0,0,3,0,0.0,380,0
1431,standard,20.0,20.0,1,100,114,0,1,7,1,6.0,115,0
1432,basic,10.0,280.0,28,61,46,0,1,4,0,0.0,859,0
1433,standard,20.0,520.0,26,51,78,0,0,7,0,0.0,831,0
1434,premium,40.0,40.0,1,32,75,0,0,1,0,0.0,79,0
1435,standard,20.0,560.0,28,99,46,0,0,3,0,0.0,858,0
1436,standard,20.0,620.0,31,101,96,0,0,5,0,0.0,1005,0
1437,basic,10.0,350.0,35,98,64,0,2,5,2,6.5,1088,0
1438,standard,20.0,420.0,21,19,94,0,4,8,0,0.0,695,0
1439,premium,40.0,720.0,18,17,62,1,1,2,0,0.0,574,0
1440,basic,10.0,330.0,33,192,71,0,1,6,2,1.5,1034,0
1441,basic,10.0,130.0,13,126,43,0,2,7,0,0.0,412,1
1442,basic,10.0,170.0,17,56,97,0,0,5,0,0.0,584,0
1443,basic,10.0,90.0,9,132,86,0,0,5,2,1.5,328,0
1444,standard,20.0,180.0,9,88,45,0,0,6,1,1.0,289,1
1445,basic,10.0,270.0,27,88,69,0,1,3,0,0.0,851,0
1446,basic,10.0,160.0,16,55,87,0,3,11,1,5.0,546,1
1447,standard,20.0,180.0,9,116,39,0,1,6,0,0.0,286,0
1448,basic,10.0,250.0,25,88,114,0,0,4,0,0.0,839,0
1449,premium,40.0,40.0,1,7,40,0,1,1,0,0.0,45,0
1450,basic,10.0,110.0,11,59,103,0,1,4,0,0.0,405,0
1451,basic,10.0,250.0,25,23,114,0,0,3,0,0.0,838,0
1452,basic,10.0,90.0,9,196,46,0,0,2,0,0.0,287,0
1453,standard,20.0,620.0,31,73,28,0,1,8,1,8.0,934,0
1454,standard,20.0,520.0,26,55,64,0,0,4,0,0.0,818,0
1455,premium,40.0,1160.0,29,114,104,0,1,10,0,0.0,952,0
1456,basic,10.0,240.0,24,54,44,0,1,5,0,0.0,736,0
1457,standard,20.0,700.0,35,107,55,3,7,15,1,2.0,1080,0
1458,basic,10.0,270.0,27,182,89,1,3,6,0,0.0,870,0
1459,standard,20.0,380.0,19,117,70,0,0,3,0,0.0,617,0
1460,premium,40.0,680.0,17,166,117,0,0,2,1,5.0,599,0
1461,basic,10.0,50.0,5,7,89,0,0,1,0,0.0,209,0
1462,basic,10.0,320.0,32,41,97,0,2,7,0,0.0,1031,1
1463,basic,10.0,200.0,20,59,100,0,0,4,0,0.0,676,0
1464,premium,40.0,800.0,20,152,64,0,1,7,0,0.0,639,1
1465,premium,40.0,1080.0,27,76,97,0,1,2,0,0.0,885,1
1466,standard,20.0,640.0,32,34,70,0,3,6,1,9.0,1003,0
1467,premium,40.0,40.0,1,57,8,3,3,3,1,5.0,8,0
1468,basic,10.0,260.0,26,2,51,0,2,3,0,0.0,810,0
1469,standard,20.0,660.0,33,154,57,0,4,9,0,0.0,1022,0
1470,standard,20.0,20.0,1,163,8,1,2,2,0,0.0,10,0
1471,basic,10.0,130.0,13,17,103,0,0,1,0,0.0,468,0
1472,basic,10.0,330.0,33,160,56,0,1,3,0,0.0,1020,0
1473,standard,20.0,40.0,2,35,70,0,0,3,0,0.0,107,0
1474,basic,10.0,240.0,24,92,77,0,1,7,0,0.0,772,0
1475,basic,10.0,200.0,20,47,66,0,1,3,0,0.0,639,0
1476,basic,10.0,200.0,20,141,104,0,1,8,0,0.0,679,0
1477,basic,10.0,290.0,29,105,47,0,0,5,0,0.0,888,0
1478,premium,40.0,240.0,6,72,29,1,3,5,0,0.0,186,0
1479,standard,20.0,620.0,31,93,38,0,0,2,0,0.0,938,0
1480,basic,10.0,320.0,32,11,33,0,2,8,0,0.0,971,0
1481,basic,10.0,240.0,24,171,35,0,2,9,0,0.0,732,0
1482,basic,10.0,10.0,1,83,79,0,0,4,0,0.0,80,0
1483,basic,10.0,260.0,26,101,68,0,2,3,0,0.0,825,0
1484,standard,20.0,200.0,10,137,26,0,2,6,0,0.0,305,0
1485,premium,40.0,40.0,1,79,-2,2,2,2,0,0.0,1,0
1486,standard,20.0,20.0,1,154,104,0,1,2,0,0.0,112,1
1487,basic,10.0,150.0,15,154,36,0,4,7,0,0.0,465,0
1488,standard,20.0,100.0,5,81,78,0,1,5,0,0.0,198,1
1489,basic,10.0,340.0,34,96,29,0,1,4,0,0.0,1026,1
1490,standard,20.0,280.0,14,194,60,0,1,6,0,0.0,452,0
1491,basic,10.0,10.0,1,88,27,0,2,2,1,7.0,35,0
1492,basic,10.0,320.0,32,101,101,0,2,5,0,0.0,1037,0
1493,basic,10.0,310.0,31,177,100,0,1,8,0,0.0,1003,1
1494,basic,10.0,30.0,3,39,42,0,0,4,0,0.0,106,0
1495,basic,10.0,20.0,2,123,53,0,0,3,0,0.0,87,1
1496,standard,20.0,300.0,15,13,37,0,0,4,0,0.0,457,0
1497,basic,10.0,180.0,18,57,32,0,2,8,0,0.0,542,1
1498,premium,40.0,1200.0,30,3,31,0,0,4,0,0.0,910,0
1499,standard,20.0,20.0,1,131,23,2,4,4,0,0.0,29,1
1500,standard,20.0,20.0,1,125,50,0,0,1,1,7.0,52,0
1501,premium,40.0,320.0,8,11,78,0,1,6,1,8.0,288,0
1502,premium,40.0,1160.0,29,27,75,0,0,1,0,0.0,916,0
1503,standard,20.0,260.0,13,132,52,1,3,9,0,0.0,421,0
1504,standard,20.0,540.0,27,101,95,0,1,5,0,0.0,881,0
1505,basic,10.0,110.0,11,32,37,0,1,1,0,0.0,338,0
1506,standard,20.0,260.0,13,70,69,0,1,7,0,0.0,433,0
1507,basic,10.0,280.0,28,0,106,0,1,5,0,0.0,921,0
1508,basic,10.0,80.0,8,105,69,0,1,4,0,0.0,288,0
1509,basic,10.0,50.0,5,55,69,0,4,9,0,0.0,190,0
1510,premium,40.0,1200.0,30,174,80,0,1,2,1,7.0,951,0
1511,basic,10.0,180.0,18,139,103,0,0,6,0,0.0,622,1
1512,basic,10.0,200.0,20,157,89,1,1,3,0,0.0,664,0
1513,premium,40.0,560.0,14,138,97,0,1,4,0,0.0,490,0
1514,standard,20.0,360.0,18,46,86,1,4,4,1,7.0,604,1
1515,standard,20.0,360.0,18,174,74,0,2,9,0,0.0,588,1
1516,basic,10.0,190.0,19,82,46,0,0,3,1,7.0,594,0
1517,basic,10.0,150.0,15,146,84,0,0,4,0,0.0,508,1
1518,basic,10.0,170.0,17,124,84,0,1,6,1,5.0,571,0
1519,basic,10.0,320.0,32,186,97,0,2,5,0,0.0,1029,0
1520,standard,20.0,380.0,19,111,58,0,2,5,0,0.0,601,0
1521,basic,10.0,50.0,5,147,32,0,1,6,0,0.0,156,0
1522,premium,40.0,1320.0,33,74,108,0,2,4,0,0.0,1076,0
1523,premium,40.0,1320.0,33,111,30,0,1,4,0,0.0,997,0
1524,standard,20.0,20.0,1,67,65,0,1,4,2,2.0,72,0
1525,basic,10.0,250.0,25,20,104,0,1,2,0,0.0,825,0
1526,standard,20.0,300.0,15,141,39,0,3,6,0,0.0,463,0
1527,basic,10.0,230.0,23,60,103,0,0,5,0,0.0,766,0
1528,standard,20.0,160.0,8,120,106,0,0,6,0,0.0,322,0
1529,standard,20.0,340.0,17,131,57,0,0,6,0,0.0,546,0
1530,premium,40.0,480.0,12,12,36,0,3,8,0,0.0,370,1
1531,basic,10.0,90.0,9,177,83,0,0,5,0,0.0,329,1
1532,basic,10.0,10.0,1,2,41,0,1,1,0,0.0,48,0
1533,premium,40.0,400.0,10,48,50,0,2,5,0,0.0,328,1
1534,basic,10.0,160.0,16,117,37,0,0,1,1,6.0,489,1
1535,basic,10.0,180.0,18,5,57,0,0,5,0,0.0,568,0
1536,basic,10.0,210.0,21,61,103,0,0,2,0,0.0,709,0
1537,premium,40.0,520.0,13,42,52,0,2,11,0,0.0,412,0
1538,standard,20.0,180.0,9,64,24,0,2,5,0,0.0,271,0
1539,standard,20.0,540.0,27,195,66,0,1,4,0,0.0,852,1
1540,basic,10.0,270.0,27,148,115,0,0,2,0,0.0,896,0
1541,standard,20.0,420.0,21,132,75,0,1,3,0,0.0,684,0
1542,basic,10.0,140.0,14,190,53,0,1,8,0,0.0,445,0
1543,basic,10.0,170.0,17,195,69,0,1,4,0,0.0,554,1
1544,basic,10.0,90.0,9,91,42,0,2,10,0,0.0,287,1
1545,premium,40.0,720.0,18,3,28,0,2,8,0,0.0,545,0
1546,standard,20.0,280.0,14,164,76,0,0,6,0,0.0,472,0
1547,basic,10.0,270.0,27,173,102,0,0,5,0,0.0,886,1
1548,premium,40.0,120.0,3,184,105,0,1,5,0,0.0,174,0
1549,premium,40.0,1000.0,25,67,82,0,0,4,0,0.0,811,0
1550,standard,20.0,580.0,29,139,89,0,1,6,0,0.0,938,0
1551,basic,10.0,300.0,30,178,40,0,1,8,0,0.0,912,0
1552,standard,20.0,80.0,4,191,110,0,0,9,0,0.0,204,0
1553,premium,40.0,680.0,17,126,104,0,1,4,0,0.0,590,0
1554,basic,10.0,20.0,2,50,27,0,1,3,0,0.0,63,0
1555,basic,10.0,190.0,19,169,108,0,0,4,0,0.0,657,1
1556,premium,40.0,200.0,5,188,39,0,0,4,0,0.0,165,0
1557,basic,10.0,10.0,1,179,10,1,1,1,1,1.0,11,1
1558,standard,20.0,420.0,21,101,78,0,0,8,0,0.0,679,0
1559,basic,10.0,230.0,23,9,69,0,1,3,1,5.0,736,0
1560,standard,20.0,600.0,30,59,49,0,1,5,0,0.0,928,0
1561,basic,10.0,110.0,11,88,75,0,0,11,0,0.0,379,0
1562,basic,10.0,120.0,12,6,103,0,1,3,1,1.0,442,1
1563,basic,10.0,320.0,32,94,51,0,0,3,0,0.0,985,1
1564,premium,40.0,1000.0,25,54,83,0,3,8,0,0.0,811,0
1565,standard,20.0,540.0,27,35,108,0,1,7,0,0.0,895,1
1566,basic,10.0,80.0,8,166,113,0,0,2,1,7.0,328,1
1567,basic,10.0,300.0,30,92,32,0,1,4,0,0.0,903,0
1568,standard,20.0,480.0,24,48,54,1,2,5,0,0.0,750,0
1569,standard,20.0,80.0,4,47,105,0,0,5,0,0.0,195,0
1570,basic,10.0,100.0,10,26,30,0,4,8,0,0.0,308,0
1571,basic,10.0,200.0,20,101,30,0,1,4,1,0.0,608,0
1572,standard,20.0,420.0,21,17,59,0,3,9,0,0.0,668,0
1573,standard,20.0,300.0,15,100,23,0,3,9,0,0.0,452,0
1574,premium,40.0,720.0,18,14,56,0,3,7,0,0.0,575,1
1575,basic,10.0,40.0,4,2,89,0,0,3,0,0.0,186,0
1576,basic,10.0,10.0,1,6,92,0,1,4,0,0.0,98,0
1577,standard,20.0,440.0,22,156,56,0,1,4,1,8.0,688,1
1578,premium,40.0,800.0,20,152,86,0,2,10,0,0.0,660,0
1579,standard,20.0,200.0,10,166,92,1,2,6,0,0.0,362,1
1580,basic,10.0,320.0,32,36,103,0,1,5,0,0.0,1038,0
1581,basic,10.0,50.0,5,82,63,0,3,7,0,0.0,189,1
1582,basic,10.0,10.0,1,52,35,0,1,2,0,0.0,42,1
1583,standard,20.0,660.0,33,62,111,0,0,3,0,0.0,1074,0
1584,standard,20.0,600.0,30,198,41,0,0,3,0,0.0,915,0
1585,standard,20.0,680.0,34,189,45,0,0,4,0,0.0,1040,0
1586,standard,20.0,500.0,25,82,55,0,0,4,0,0.0,776,0
1587,basic,10.0,200.0,20,27,54,0,0,5,0,0.0,627,0
1588,premium,40.0,320.0,8,99,48,0,1,2,0,0.0,258,0
1589,basic,10.0,60.0,6,82,85,0,0,4,0,0.0,237,0
1590,basic,10.0,360.0,36,80,41,0,0,1,0,0.0,1095,1
1591,standard,20.0,620.0,31,37,41,0,3,6,0,0.0,941,0
1592,basic,10.0,60.0,6,90,113,0,0,4,0,0.0,265,0
1593,basic,10.0,310.0,31,68,54,0,2,11,0,0.0,961,0
1594,standard,20.0,320.0,16,139,100,0,0,2,0,0.0,557,1
1595,premium,40.0,600.0,15,18,85,0,0,4,0,0.0,508,0
1596,basic,10.0,110.0,11,49,55,0,2,4,0,0.0,362,0
1597,standard,20.0,340.0,17,87,80,0,0,6,0,0.0,568,1
1598,premium,40.0,960.0,24,194,28,0,1,3,0,0.0,727,1
1599,basic,10.0,40.0,4,82,51,1,1,4,1,3.0,150,0
1600,standard,20.0,480.0,24,65,65,0,0,5,0,0.0,763,0
1601,premium,40.0,80.0,2,65,69,0,1,3,0,0.0,102,0
1602,standard,20.0,20.0,1,28,49,0,0,2,0,0.0,50,0
1603,basic,10.0,270.0,27,21,33,0,3,11,0,0.0,814,0
1604,basic,10.0,30.0,3,69,55,0,0,7,0,0.0,116,0
1605,standard,20.0,660.0,33,156,33,0,4,7,0,0.0,996,0
1606,basic,10.0,130.0,13,106,32,0,3,5,0,0.0,396,1
1607,premium,40.0,160.0,4,182,44,0,1,12,0,0.0,139,0
1608,basic,10.0,230.0,23,171,51,0,0,5,0,0.0,714,1
1609,standard,20.0,400.0,20,115,46,0,0,3,0,0.0,625,1
1610,basic,10.0,300.0,30,92,109,0,0,5,0,0.0,986,0
1611,standard,20.0,20.0,1,13,81,0,0,4,0,0.0,81,0
1612,basic,10.0,340.0,34,176,30,0,1,3,0,0.0,1023,0
1613,basic,10.0,10.0,1,193,10,2,2,2,0,0.0,19,0
1614,standard,20.0,480.0,24,46,102,0,0,8,0,0.0,796,0
1615,standard,20.0,300.0,15,108,60,0,3,7,1,1.0,489,1
1616,standard,20.0,180.0,9,188,51,0,1,5,0,0.0,291,0
1617,basic,10.0,160.0,16,193,80,0,1,6,0,0.0,532,1
1618,basic,10.0,270.0,27,73,24,0,2,8,0,0.0,813,0
1619,standard,20.0,40.0,2,160,48,0,1,4,0,0.0,87,0
1620,standard,20.0,500.0,25,79,93,0,2,4,0,0.0,813,0
1621,basic,10.0,170.0,17,8,86,0,0,6,1,2.0,573,0
1622,standard,20.0,320.0,16,134,65,0,1,6,0,0.0,518,1
1623,standard,20.0,540.0,27,160,73,0,0,4,1,2.0,856,1
1624,basic,10.0,70.0,7,185,65,0,2,6,1,6.0,253,1
1625,standard,20.0,100.0,5,112,39,0,2,4,0,0.0,163,1
1626,basic,10.0,10.0,1,170,19,1,2,2,0,0.0,21,1
1627,premium,40.0,240.0,6,136,33,0,2,4,1,9.0,188,0
1628,standard,20.0,20.0,1,104,42,0,1,2,0,0.0,44,0
1629,standard,20.0,240.0,12,159,59,0,1,5,0,0.0,391,1
1630,premium,40.0,520.0,13,17,105,0,0,4,0,0.0,471,0
1631,basic,10.0,50.0,5,113,43,0,0,6,0,0.0,168,0
1632,standard,20.0,240.0,12,149,55,0,1,8,0,0.0,388,1
1633,basic,10.0,40.0,4,78,79,0,0,4,1,6.0,177,0
1634,standard,20.0,440.0,22,175,94,0,1,5,0,0.0,730,1
1635,premium,40.0,1160.0,29,193,93,0,2,5,0,0.0,933,1
1636,basic,10.0,290.0,29,82,87,1,2,5,0,0.0,932,1
1637,basic,10.0,10.0,1,48,27,1,3,3,0,0.0,33,0
1638,basic,10.0,120.0,12,14,76,0,1,6,0,0.0,407,0
1639,standard,20.0,20.0,1,191,50,0,0,2,1,3.0,56,1
1640,basic,10.0,300.0,30,136,54,0,0,5,0,0.0,927,1
1641,standard,20.0,240.0,12,74,63,1,1,2,0,0.0,393,0
1642,basic,10.0,40.0,4,55,28,2,3,4,0,0.0,121,0
1643,premium,40.0,40.0,1,97,9,2,2,2,0,0.0,17,0
1644,basic,10.0,290.0,29,6,90,1,3,5,0,0.0,934,1
1645,basic,10.0,300.0,30,55,74,0,0,9,0,0.0,947,0
1646,basic,10.0,100.0,10,145,91,0,2,6,0,0.0,364,0
1647,basic,10.0,210.0,21,46,49,0,0,7,0,0.0,658,0
1648,standard,20.0,680.0,34,121,43,0,1,3,0,0.0,1036,1
1649,basic,10.0,40.0,4,32,74,0,1,4,0,0.0,165,0
1650,basic,10.0,100.0,10,89,68,0,0,4,2,4.0,343,0
1651,basic,10.0,210.0,21,172,110,0,0,6,0,0.0,712,1
1652,standard,20.0,580.0,29,118,30,0,3,7,0,0.0,879,0
1653,standard,20.0,280.0,14,71,60,0,3,9,0,0.0,450,0
1654,basic,10.0,100.0,10,42,100,0,1,9,0,0.0,378,0
1655,basic,10.0,250.0,25,11,44,0,0,2,1,3.0,766,0
1656,premium,40.0,160.0,4,140,77,0,0,4,0,0.0,176,0
1657,basic,10.0,10.0,1,192,94,0,0,3,0,0.0,100,1
1658,standard,20.0,700.0,35,69,47,0,2,4,0,0.0,1067,1
1659,standard,20.0,20.0,1,24,87,0,0,2,0,0.0,87,1
1660,standard,20.0,420.0,21,38,111,0,0,3,1,3.0,716,0
1661,basic,10.0,230.0,23,65,106,0,0,6,0,0.0,773,0
1662,standard,20.0,580.0,29,178,108,0,1,8,0,0.0,952,0
1663,standard,20.0,400.0,20,58,108,0,0,5,0,0.0,685,1
1664,basic,10.0,260.0,26,53,48,0,1,8,0,0.0,800,0
1665,standard,20.0,460.0,23,30,68,0,1,6,0,0.0,732,0
1666,standard,20.0,420.0,21,148,108,0,0,2,0,0.0,713,0
1667,basic,10.0,130.0,13,64,80,0,1,7,0,0.0,442,0
1668,standard,20.0,20.0,1,81,28,0,1,1,0,0.0,32,0
1669,basic,10.0,200.0,20,188,103,0,1,4,0,0.0,681,1
1670,standard,20.0,460.0,23,170,29,0,1,8,0,0.0,696,0
1671,basic,10.0,340.0,34,10,31,0,1,5,0,0.0,1024,0
1672,basic,10.0,100.0,10,152,67,0,1,5,2,1.5,339,1
1673,standard,20.0,380.0,19,113,29,2,6,10,0,0.0,573,0
1674,basic,10.0,240.0,24,19,102,0,1,4,0,0.0,799,0
1675,basic,10.0,170.0,17,120,37,0,1,3,0,0.0,521,0
1676,basic,10.0,270.0,27,142,39,0,0,2,0,0.0,825,0
1677,standard,20.0,160.0,8,182,69,0,1,7,0,0.0,279,1
1678,standard,20.0,420.0,21,184,57,0,2,4,0,0.0,665,0
1679,premium,40.0,920.0,23,195,40,0,0,5,0,0.0,709,0
1680,basic,10.0,140.0,14,176,23,0,0,4,0,0.0,422,0
1681,basic,10.0,20.0,2,90,59,0,1,8,0,0.0,92,1
1682,basic,10.0,150.0,15,76,23,1,1,6,1,0.0,450,0
1683,premium,40.0,880.0,22,40,95,0,2,10,0,0.0,727,0
1684,basic,10.0,200.0,20,170,79,0,0,7,0,0.0,658,1
1685,standard,20.0,240.0,12,155,91,0,2,3,0,0.0,422,0
1686,basic,10.0,280.0,28,18,79,0,2,8,0,0.0,896,0
1687,basic,10.0,10.0,1,88,103,0,0,5,0,0.0,103,0
1688,standard,20.0,120.0,6,181,33,1,2,6,0,0.0,184,0
1689,standard,20.0,580.0,29,165,29,0,0,2,1,1.0,877,0
1690,basic,10.0,150.0,15,197,63,2,3,10,0,0.0,484,0
1691,basic,10.0,330.0,33,85,63,0,1,5,0,0.0,1027,0
1692,standard,20.0,240.0,12,71,112,0,0,4,0,0.0,445,0
1693,basic,10.0,320.0,32,7,88,0,0,5,0,0.0,1018,0
1694,basic,10.0,70.0,7,141,110,0,0,5,0,0.0,297,0
1695,basic,10.0,340.0,34,16,32,0,2,4,0,0.0,1025,0
1696,basic,10.0,270.0,27,61,78,0,1,7,1,0.0,864,0
1697,standard,20.0,620.0,31,134,24,0,2,5,0,0.0,930,0
1698,standard,20.0,20.0,1,151,51,0,1,1,0,0.0,54,0
1699,basic,10.0,330.0,33,13,46,0,1,4,0,0.0,1007,0
1700,basic,10.0,60.0,6,16,79,0,1,3,0,0.0,229,1
1701,premium,40.0,200.0,5,199,33,0,1,3,0,0.0,161,1
1702,basic,10.0,70.0,7,50,42,0,2,4,0,0.0,224,0
1703,standard,20.0,80.0,4,70,34,0,3,7,0,0.0,125,0
1704,standard,20.0,140.0,7,157,94,0,4,9,0,0.0,277,1
1705,basic,10.0,360.0,36,8,33,0,2,8,0,0.0,1092,0
1706,standard,20.0,540.0,27,115,88,0,3,5,0,0.0,871,0
1707,premium,40.0,560.0,14,68,101,0,0,8,0,0.0,498,1
1708,standard,20.0,240.0,12,3,48,0,0,4,0,0.0,382,0
1709,basic,10.0,120.0,12,53,50,0,1,7,0,0.0,389,0
1710,premium,40.0,1000.0,25,181,105,0,1,5,0,0.0,829,1
1711,basic,10.0,120.0,12,153,39,0,7,11,0,0.0,371,0
1712,basic,10.0,160.0,16,187,66,0,1,8,0,0.0,516,1
1713,standard,20.0,440.0,22,3,85,0,0,3,0,0.0,719,0
1714,standard,20.0,40.0,2,70,81,0,0,0,0,0.0,120,0
1715,basic,10.0,110.0,11,191,46,0,0,7,1,4.0,351,1
1716,basic,10.0,150.0,15,37,91,0,3,8,0,0.0,511,0
1717,premium,40.0,1280.0,32,195,76,0,0,5,0,0.0,1010,0
1718,standard,20.0,660.0,33,166,57,0,3,6,0,0.0,1023,0
1719,standard,20.0,100.0,5,152,50,0,1,5,0,0.0,175,1
1720,standard,20.0,180.0,9,33,31,0,2,5,0,0.0,280,0
1721,basic,10.0,10.0,1,158,76,0,0,2,0,0.0,82,0
1722,standard,20.0,20.0,1,116,25,1,3,3,0,0.0,28,0
1723,basic,10.0,10.0,1,89,27,0,1,1,0,0.0,35,0
1724,basic,10.0,80.0,8,168,25,1,1,4,0,0.0,240,1
1725,basic,10.0,110.0,11,6,72,0,1,5,0,0.0,376,0
1726,standard,20.0,220.0,11,21,61,0,5,12,0,0.0,368,0
1727,premium,40.0,600.0,15,4,60,0,0,6,0,0.0,487,0
1728,premium,40.0,1280.0,32,171,82,0,0,9,1,9.0,1013,1
1729,basic,10.0,270.0,27,27,54,0,1,10,0,0.0,842,0
1730,basic,10.0,250.0,25,61,58,0,4,5,0,0.0,783,0
1731,basic,10.0,50.0,5,79,67,0,1,5,0,0.0,189,1
1732,basic,10.0,340.0,34,162,44,0,0,3,0,0.0,1041,0
1733,basic,10.0,170.0,17,74,96,0,0,2,0,0.0,580,0
1734,premium,40.0,760.0,19,45,106,0,3,9,0,0.0,648,0
1735,basic,10.0,130.0,13,117,98,0,2,9,0,0.0,463,0
1736,basic,10.0,110.0,11,89,97,0,4,9,0,0.0,398,0
1737,basic,10.0,260.0,26,96,71,0,1,4,0,0.0,826,0
1738,basic,10.0,60.0,6,117,45,0,2,5,0,0.0,197,0
1739,basic,10.0,160.0,16,60,62,0,1,6,1,8.0,516,0
1740,premium,40.0,840.0,21,132,77,0,1,7,0,0.0,680,0
1741,basic,10.0,170.0,17,167,33,0,2,7,1,9.0,520,0
1742,basic,10.0,200.0,20,105,112,0,0,2,0,0.0,688,0
1743,standard,20.0,120.0,6,173,94,0,1,8,0,0.0,244,1
1744,premium,40.0,1160.0,29,123,33,0,2,7,0,0.0,881,0
1745,basic,10.0,350.0,35,94,24,0,1,3,0,0.0,1051,0
1746,basic,10.0,320.0,32,51,106,0,0,3,0,0.0,1040,0
1747,standard,20.0,540.0,27,184,81,0,0,1,0,0.0,868,0
1748,standard,20.0,200.0,10,45,61,0,2,10,0,0.0,339,0
1749,premium,40.0,920.0,23,22,91,0,2,7,0,0.0,756,1
1750,standard,20.0,360.0,18,182,106,0,2,3,1,8.0,617,0
1751,standard,20.0,380.0,19,48,54,0,2,6,0,0.0,601,0
1752,basic,10.0,140.0,14,9,72,0,0,3,0,0.0,464,0
1753,basic,10.0,110.0,11,183,58,0,0,4,0,0.0,358,0
1754,basic,10.0,100.0,10,198,49,0,0,2,0,0.0,328,0
1755,basic,10.0,110.0,11,167,82,0,0,5,0,0.0,386,0
1756,basic,10.0,200.0,20,152,78,0,0,7,0,0.0,657,1
1757,basic,10.0,170.0,17,135,102,0,1,6,0,0.0,588,1
1758,premium,40.0,200.0,5,139,42,0,1,5,0,0.0,165,1
1759,basic,10.0,140.0,14,188,89,0,2,7,0,0.0,487,0
1760,premium,40.0,720.0,18,79,58,0,0,5,0,0.0,569,0
1761,premium,40.0,1400.0,35,181,51,0,1,8,0,0.0,1077,0
1762,standard,20.0,320.0,16,107,55,0,1,7,0,0.0,505,0
1763,standard,20.0,40.0,2,101,69,0,0,5,0,0.0,103,0
1764,standard,20.0,80.0,4,65,108,0,0,5,0,0.0,202,0
1765,standard,20.0,280.0,14,134,59,1,1,2,0,0.0,450,0
1766,basic,10.0,240.0,24,184,71,0,1,2,1,7.0,768,1
1767,basic,10.0,320.0,32,82,95,0,2,4,0,0.0,1032,0
1768,basic,10.0,70.0,7,10,110,0,0,1,0,0.0,294,1
1769,premium,40.0,80.0,2,24,92,0,3,14,0,0.0,127,0
1770,basic,10.0,250.0,25,194,76,0,0,6,0,0.0,798,1
1771,basic,10.0,30.0,3,77,90,0,3,8,0,0.0,154,1
1772,standard,20.0,160.0,8,172,52,0,1,6,1,5.0,262,0
1773,standard,20.0,660.0,33,38,69,0,0,3,0,0.0,1037,1
1774,basic,10.0,140.0,14,110,25,0,0,4,1,6.0,424,1
1775,basic,10.0,190.0,19,96,73,0,1,7,0,0.0,622,0
1776,basic,10.0,10.0,1,160,42,0,2,3,0,0.0,48,0
1777,premium,40.0,120.0,3,95,106,0,0,3,0,0.0,171,1
1778,basic,10.0,170.0,17,20,92,0,1,8,1,9.0,577,0
1779,basic,10.0,20.0,2,190,45,0,0,2,0,0.0,84,0
1780,standard,20.0,160.0,8,107,87,0,1,6,0,0.0,299,0
1781,basic,10.0,170.0,17,26,80,0,0,6,0,0.0,564,0
1782,basic,10.0,340.0,34,135,34,1,3,5,1,7.0,1025,0
1783,premium,40.0,120.0,3,88,24,0,2,7,0,0.0,91,1
1784,basic,10.0,90.0,9,147,64,0,0,3,0,0.0,312,0
1785,premium,40.0,1120.0,28,118,52,0,0,3,0,0.0,868,0
1786,standard,20.0,280.0,14,146,105,0,0,6,0,0.0,503,1
1787,premium,40.0,1040.0,26,58,55,0,1,8,0,0.0,810,0
1788,standard,20.0,520.0,26,131,93,0,0,5,0,0.0,843,0
1789,basic,10.0,340.0,34,12,27,0,0,4,0,0.0,1021,0
1790,premium,40.0,200.0,5,54,98,0,1,4,0,0.0,218,0
1791,basic,10.0,270.0,27,116,104,0,1,5,0,0.0,890,0
1792,basic,10.0,280.0,28,40,62,0,0,6,0,0.0,880,0
1793,basic,10.0,60.0,6,145,79,0,0,3,0,0.0,238,1
1794,basic,10.0,180.0,18,121,29,0,3,6,0,0.0,543,1
1795,basic,10.0,310.0,31,69,62,0,2,6,0,0.0,964,0
1796,standard,20.0,260.0,13,8,27,1,1,6,0,0.0,390,0
1797,premium,40.0,680.0,17,159,33,0,1,8,0,0.0,518,1
1798,basic,10.0,310.0,31,4,96,0,1,6,0,0.0,998,0
1799,basic,10.0,60.0,6,2,69,0,2,7,0,0.0,222,0
1800,basic,10.0,130.0,13,28,113,0,0,6,0,0.0,475,0
1801,standard,20.0,100.0,5,126,41,0,2,7,0,0.0,168,0
1802,basic,10.0,310.0,31,33,61,0,0,6,0,0.0,970,1
1803,standard,20.0,500.0,25,105,68,0,0,4,0,0.0,792,1
1804,standard,20.0,60.0,3,62,31,0,2,4,0,0.0,97,0
1805,standard,20.0,20.0,1,55,6,3,4,4,0,0.0,9,0
1806,basic,10.0,270.0,27,77,67,0,0,6,0,0.0,850,0
1807,basic,10.0,260.0,26,0,118,0,0,1,0,0.0,869,0
1808,basic,10.0,150.0,15,104,43,0,1,4,0,0.0,467,0
1809,basic,10.0,180.0,18,142,93,0,1,1,0,0.0,609,0
1810,standard,20.0,20.0,1,77,62,0,1,3,0,0.0,68,1
1811,premium,40.0,40.0,1,57,28,1,2,2,0,0.0,31,0
1812,basic,10.0,200.0,20,116,29,0,3,9,0,0.0,608,0
1813,basic,10.0,140.0,14,54,38,0,1,4,0,0.0,431,0
1814,basic,10.0,360.0,36,195,24,0,0,5,0,0.0,1083,0
1815,standard,20.0,560.0,28,6,72,0,1,3,0,0.0,889,0
1816,premium,40.0,880.0,22,71,41,0,0,5,1,4.0,678,0
1817,standard,20.0,420.0,21,30,55,0,1,4,0,0.0,659,0
1818,standard,20.0,260.0,13,109,78,0,1,8,0,0.0,445,0
1819,basic,10.0,240.0,24,192,52,2,3,5,0,0.0,750,0
1820,basic,10.0,140.0,14,190,104,0,0,1,1,7.0,503,0
1821,basic,10.0,230.0,23,20,73,0,1,3,1,0.0,735,0
1822,premium,40.0,40.0,1,82,36,0,1,3,0,0.0,41,0
1823,basic,10.0,300.0,30,104,29,0,0,1,0,0.0,907,0
1824,basic,10.0,330.0,33,73,30,0,0,3,0,0.0,992,0
1825,standard,20.0,380.0,19,115,48,0,0,4,0,0.0,597,0
1826,basic,10.0,310.0,31,116,61,0,1,7,0,0.0,970,1
1827,basic,10.0,120.0,12,180,47,0,1,6,0,0.0,385,0
1828,standard,20.0,440.0,22,188,40,0,0,4,0,0.0,679,1
1829,basic,10.0,220.0,22,176,103,0,2,6,0,0.0,735,1
1830,standard,20.0,400.0,20,33,47,0,0,6,0,0.0,618,1
1831,basic,10.0,170.0,17,118,47,0,0,4,0,0.0,533,0
1832,standard,20.0,80.0,4,96,112,0,0,6,0,0.0,202,0
1833,standard,20.0,120.0,6,170,30,0,3,10,0,0.0,182,1
1834,basic,10.0,300.0,30,78,30,0,0,3,0,0.0,905,0
1835,standard,20.0,440.0,22,173,31,0,1,2,0,0.0,670,1
1836,premium,40.0,1360.0,34,103,77,0,0,4,0,0.0,1070,1
1837,basic,10.0,260.0,26,21,116,0,0,0,0,0.0,869,0
1838,standard,20.0,180.0,9,55,82,0,1,5,0,0.0,328,0
1839,premium,40.0,1240.0,31,182,43,0,0,0,0,0.0,951,1
1840,basic,10.0,200.0,20,142,36,0,0,3,0,0.0,607,1
1841,basic,10.0,290.0,29,48,84,1,1,5,0,0.0,930,0
1842,basic,10.0,340.0,34,187,61,0,4,6,1,9.0,1051,1
1843,standard,20.0,380.0,19,4,55,0,4,10,0,0.0,604,0
1844,basic,10.0,20.0,2,194,45,0,0,2,0,0.0,77,0
1845,standard,20.0,600.0,30,195,33,0,0,4,0,0.0,903,0
1846,standard,20.0,640.0,32,36,115,0,1,4,0,0.0,1046,0
1847,standard,20.0,400.0,20,30,102,0,1,3,0,0.0,679,0
1848,standard,20.0,340.0,17,131,87,0,1,3,0,0.0,573,1
1849,standard,20.0,640.0,32,100,103,0,0,2,0,0.0,1034,0
1850,basic,10.0,210.0,21,88,91,0,2,5,0,0.0,700,0
1851,basic,10.0,60.0,6,87,91,0,1,5,1,5.0,246,0
1852,basic,10.0,10.0,1,178,44,0,0,1,0,0.0,50,0
1853,basic,10.0,320.0,32,95,92,0,1,2,0,0.0,1031,0
1854,standard,20.0,420.0,21,4,33,0,1,4,0,0.0,633,0
1855,basic,10.0,260.0,26,177,53,2,2,7,1,7.0,811,0
1856,basic,10.0,260.0,26,74,108,0,0,5,0,0.0,865,0
1857,basic,10.0,130.0,13,78,87,0,2,5,0,0.0,456,1
1858,basic,10.0,40.0,4,176,62,0,0,2,0,0.0,153,1
1859,standard,20.0,360.0,18,57,64,1,2,6,0,0.0,575,0
1860,basic,10.0,160.0,16,71,65,0,0,6,0,0.0,524,0
1861,basic,10.0,270.0,27,92,31,0,0,1,0,0.0,817,0
1862,standard,20.0,560.0,28,71,106,0,1,6,0,0.0,921,0
1863,standard,20.0,540.0,27,16,78,0,1,4,1,0.0,858,0
1864,basic,10.0,300.0,30,163,73,0,1,7,0,0.0,947,0
1865,basic,10.0,10.0,1,75,28,0,2,2,0,0.0,36,1
1866,standard,20.0,240.0,12,107,102,0,3,8,0,0.0,438,0
1867,standard,20.0,600.0,30,42,70,0,1,4,0,0.0,947,0
1868,basic,10.0,340.0,34,98,35,0,1,4,0,0.0,1029,1
1869,basic,10.0,40.0,4,78,56,1,2,5,1,8.0,151,0
1870,premium,40.0,920.0,23,50,55,0,0,4,0,0.0,716,1
1871,standard,20.0,600.0,30,85,87,0,2,4,0,0.0,966,0
1872,standard,20.0,200.0,10,153,70,0,0,3,0,0.0,349,1
1873,basic,10.0,290.0,29,112,83,0,3,6,0,0.0,932,0
1874,basic,10.0,80.0,8,94,98,0,2,6,1,3.0,312,0
1875,standard,20.0,560.0,28,52,42,0,1,4,0,0.0,853,0
1876,basic,10.0,120.0,12,116,43,0,2,10,0,0.0,375,0
1877,premium,40.0,40.0,1,31,5,2,2,2,0,0.0,12,0
1878,standard,20.0,580.0,29,0,100,0,4,9,1,4.0,942,0
1879,basic,10.0,80.0,8,44,32,0,0,1,1,3.0,249,0
1880,standard,20.0,660.0,33,58,105,0,2,6,0,0.0,1074,0
1881,basic,10.0,270.0,27,23,74,0,0,4,0,0.0,857,0
1882,premium,40.0,440.0,11,54,84,0,0,3,0,0.0,386,0
1883,basic,10.0,280.0,28,152,64,0,1,5,0,0.0,879,0
1884,standard,20.0,440.0,22,134,41,0,1,5,0,0.0,680,1
1885,basic,10.0,60.0,6,164,43,0,1,7,0,0.0,197,0
1886,basic,10.0,150.0,15,142,65,0,1,6,0,0.0,492,1
1887,standard,20.0,120.0,6,163,74,0,1,8,0,0.0,224,0
1888,basic,10.0,310.0,31,71,52,0,2,9,0,0.0,956,1
1889,standard,20.0,520.0,26,72,110,0,1,2,0,0.0,861,0
1890,basic,10.0,310.0,31,102,32,0,3,4,0,0.0,941,0
1891,basic,10.0,70.0,7,191,38,0,3,5,0,0.0,221,1
1892,premium,40.0,1200.0,30,144,44,0,1,2,0,0.0,915,1
1893,standard,20.0,60.0,3,100,90,0,0,5,0,0.0,156,0
1894,premium,40.0,360.0,9,31,75,0,1,6,0,0.0,316,0
1895,basic,10.0,220.0,22,96,36,0,1,5,0,0.0,668,0
1896,basic,10.0,290.0,29,104,22,1,1,7,1,4.0,870,0
1897,standard,20.0,80.0,4,29,96,0,0,1,0,0.0,192,0
1898,premium,40.0,1040.0,26,62,105,0,1,8,0,0.0,864,0
1899,standard,20.0,20.0,1,85,95,0,2,5,0,0.0,104,0
1900,standard,20.0,100.0,5,59,76,0,2,10,0,0.0,201,1
1901,standard,20.0,60.0,3,114,41,0,0,6,0,0.0,105,0
1902,standard,20.0,400.0,20,57,112,0,0,5,0,0.0,687,0
1903,standard,20.0,240.0,12,102,28,1,2,5,0,0.0,363,1
1904,basic,10.0,40.0,4,166,111,0,0,2,0,0.0,209,1
1905,basic,10.0,320.0,32,175,107,0,0,8,0,0.0,1042,1
1906,standard,20.0,320.0,16,24,91,0,3,9,0,0.0,546,1
1907,standard,20.0,220.0,11,70,95,1,1,4,0,0.0,395,0
1908,basic,10.0,130.0,13,152,97,0,1,1,0,0.0,464,1
1909,basic,10.0,220.0,22,105,72,0,0,1,0,0.0,703,0
1910,basic,10.0,230.0,23,14,44,0,2,4,0,0.0,704,0
1911,basic,10.0,320.0,32,143,80,0,0,5,0,0.0,1012,0
1912,basic,10.0,170.0,17,121,95,0,1,7,0,0.0,581,0
1913,basic,10.0,10.0,1,1,31,0,1,1,0,0.0,40,0
1914,standard,20.0,380.0,19,133,109,0,0,4,0,0.0,654,0
1915,basic,10.0,210.0,21,159,91,0,0,4,0,0.0,693,1
1916,basic,10.0,150.0,15,41,79,0,1,3,0,0.0,499,0
1917,basic,10.0,10.0,1,36,31,0,3,3,0,0.0,37,0
1918,premium,40.0,80.0,2,100,82,0,0,4,0,0.0,119,0
1919,standard,20.0,480.0,24,115,101,0,0,3,0,0.0,796,1
1920,basic,10.0,130.0,13,154,51,0,0,3,0,0.0,417,1
1921,basic,10.0,270.0,27,16,35,0,0,7,0,0.0,819,0
1922,standard,20.0,300.0,15,177,38,0,4,7,1,1.0,459,1
1923,basic,10.0,250.0,25,115,71,0,1,4,1,4.0,800,1
1924,basic,10.0,130.0,13,106,41,0,0,2,0,0.0,406,0
1925,basic,10.0,130.0,13,50,110,0,0,2,0,0.0,475,0
1926,basic,10.0,350.0,35,16,48,0,0,2,0,0.0,1077,0
1927,basic,10.0,120.0,12,55,36,0,2,6,0,0.0,369,1
1928,standard,20.0,520.0,26,24,93,0,2,4,0,0.0,843,0
1929,standard,20.0,100.0,5,173,80,0,0,4,0,0.0,207,0
1930,standard,20.0,380.0,19,3,102,0,1,8,0,0.0,642,0
1931,basic,10.0,150.0,15,149,103,0,1,5,0,0.0,531,0
1932,basic,10.0,10.0,1,175,23,3,3,3,0,0.0,26,1
1933,basic,10.0,10.0,1,38,41,0,3,4,0,0.0,46,0
1934,basic,10.0,70.0,7,146,95,0,0,2,0,0.0,283,0
1935,basic,10.0,20.0,2,69,48,0,1,3,0,0.0,81,0
1936,standard,20.0,20.0,1,168,95,0,1,2,0,0.0,97,1
1937,basic,10.0,240.0,24,43,55,0,0,6,0,0.0,746,0
1938,premium,40.0,560.0,14,60,95,0,1,4,0,0.0,486,0
1939,basic,10.0,280.0,28,46,102,0,2,3,0,0.0,915,1
1940,premium,40.0,80.0,2,87,107,0,0,3,0,0.0,144,0
1941,standard,20.0,220.0,11,68,40,0,1,5,0,0.0,347,0
1942,basic,10.0,170.0,17,44,104,0,2,6,0,0.0,586,0
1943,standard,20.0,120.0,6,80,27,2,8,12,0,0.0,180,0
1944,basic,10.0,20.0,2,196,67,0,0,7,0,0.0,103,1
1945,standard,20.0,180.0,9,89,62,0,1,4,0,0.0,303,0
1946,standard,20.0,20.0,1,122,6,1,1,1,1,2.0,9,0
1947,standard,20.0,500.0,25,68,102,0,1,8,0,0.0,830,0
1948,standard,20.0,220.0,11,160,63,0,3,5,1,1.0,367,1
1949,premium,40.0,600.0,15,123,85,0,1,3,1,8.0,513,0
1950,standard,20.0,340.0,17,55,83,0,0,6,0,0.0,569,0
1951,standard,20.0,220.0,11,97,84,0,1,4,0,0.0,393,1
1952,premium,40.0,400.0,10,160,45,0,0,7,0,0.0,317,1
1953,premium,40.0,680.0,17,24,35,0,3,7,0,0.0,519,0
1954,basic,10.0,10.0,1,83,50,0,0,1,0,0.0,54,1
1955,standard,20.0,540.0,27,165,29,1,2,6,1,8.0,813,0
1956,premium,40.0,680.0,17,4,106,0,0,3,0,0.0,588,0
1957,standard,20.0,300.0,15,9,40,0,1,6,0,0.0,460,1
1958,basic,10.0,100.0,10,103,61,0,1,6,0,0.0,340,1
1959,standard,20.0,20.0,1,124,106,0,1,6,1,0.0,107,0
1960,standard,20.0,640.0,32,41,112,0,0,5,0,0.0,1044,1
1961,standard,20.0,100.0,5,140,36,0,2,5,0,0.0,163,0
1962,basic,10.0,140.0,14,60,64,0,0,6,0,0.0,458,0
1963,basic,10.0,70.0,7,6,83,1,4,8,0,0.0,272,0
1964,basic,10.0,240.0,24,111,65,0,1,6,0,0.0,763,0
1965,basic,10.0,330.0,33,151,63,0,2,7,0,0.0,1027,0
1966,basic,10.0,70.0,7,144,69,0,0,5,0,0.0,257,0
1967,standard,20.0,100.0,5,130,30,0,1,3,0,0.0,157,1
1968,basic,10.0,250.0,25,21,49,0,1,6,0,0.0,776,0
1969,standard,20.0,380.0,19,57,112,0,0,6,0,0.0,656,0
1970,standard,20.0,280.0,14,67,38,0,0,4,0,0.0,437,0
1971,standard,20.0,240.0,12,125,80,0,0,4,0,0.0,417,0
1972,premium,40.0,720.0,18,122,32,0,3,8,0,0.0,550,1
1973,basic,10.0,50.0,5,6,67,0,3,8,0,0.0,188,0
1974,standard,20.0,20.0,1,49,3,4,4,4,0,0.0,3,1
1975,premium,40.0,320.0,8,106,47,0,1,5,1,4.0,262,0
1976,basic,10.0,40.0,4,40,43,0,1,4,0,0.0,141,0
1977,basic,10.0,140.0,14,51,52,0,0,4,0,0.0,446,1
1978,basic,10.0,320.0,32,15,69,0,1,4,0,0.0,999,0
1979,basic,10.0,10.0,1,171,19,0,3,3,0,0.0,27,0
1980,basic,10.0,30.0,3,188,31,0,1,5,1,9.0,96,0
1981,premium,40.0,120.0,3,134,112,0,0,2,0,0.0,175,0
1982,basic,10.0,60.0,6,129,100,0,2,8,0,0.0,256,1
1983,basic,10.0,90.0,9,10,32,0,0,9,0,0.0,275,0
1984,basic,10.0,320.0,32,15,42,0,2,8,0,0.0,974,1
1985,standard,20.0,440.0,22,150,74,0,0,3,0,0.0,711,0
1986,standard,20.0,140.0,7,62,96,0,1,3,1,8.0,277,1
1987,basic,10.0,110.0,11,31,71,0,1,2,0,0.0,379,0
1988,premium,40.0,80.0,2,88,57,0,0,4,0,0.0,88,0
1989,basic,10.0,260.0,26,180,112,0,1,5,0,0.0,864,1
1990,basic,10.0,230.0,23,54,101,0,1,5,0,0.0,767,1
1991,standard,20.0,600.0,30,19,64,0,2,4,0,0.0,943,1
1992,basic,10.0,140.0,14,100,91,0,2,6,0,0.0,487,0
1993,basic,10.0,100.0,10,192,40,0,0,5,1,9.0,313,0
1994,premium,40.0,1160.0,29,191,87,0,0,0,0,0.0,928,0
1995,standard,20.0,20.0,1,128,47,0,0,2,0,0.0,56,0
1996,standard,20.0,420.0,21,108,85,1,3,5,0,0.0,692,0
1997,basic,10.0,330.0,33,98,35,0,0,1,0,0.0,999,0
1998,standard,20.0,320.0,16,1,97,0,1,6,0,0.0,556,0
1999,basic,10.0,30.0,3,37,70,0,0,5,0,0.0,135,0
2000,standard,20.0,360.0,18,89,109,0,0,2,0,0.0,622,1
2001,standard,20.0,180.0,9,10,104,0,2,5,0,0.0,346,0
2002,standard,20.0,580.0,29,50,49,0,4,9,0,0.0,889,0
2003,basic,10.0,220.0,22,97,60,0,3,7,0,0.0,696,0
2004,standard,20.0,20.0,1,20,11,1,1,1,1,2.0,20,0
2005,basic,10.0,10.0,1,70,3,1,1,1,0,0.0,7,0
2006,premium,40.0,1400.0,35,90,54,0,0,1,0,0.0,1075,0
2007,premium,40.0,1160.0,29,130,89,0,1,6,0,0.0,936,0
2008,basic,10.0,300.0,30,155,27,1,4,10,0,0.0,902,1
2009,basic,10.0,270.0,27,96,90,0,2,6,0,0.0,873,1
2010,basic,10.0,250.0,25,145,45,0,0,6,0,0.0,768,1
2011,standard,20.0,300.0,15,140,33,0,2,5,0,0.0,460,1
2012,basic,10.0,270.0,27,107,41,0,1,7,0,0.0,823,1
2013,basic,10.0,150.0,15,95,79,0,0,5,1,5.0,508,0
2014,standard,20.0,640.0,32,187,95,0,3,6,0,0.0,1030,1
2015,basic,10.0,170.0,17,11,54,0,0,3,0,0.0,536,0
2016,basic,10.0,200.0,20,142,80,0,0,3,0,0.0,654,0
2017,standard,20.0,340.0,17,159,76,0,0,8,0,0.0,557,1
2018,premium,40.0,1000.0,25,175,112,0,0,5,0,0.0,833,1
2019,standard,20.0,560.0,28,48,111,0,0,5,0,0.0,924,0
2020,premium,40.0,880.0,22,89,93,0,1,4,0,0.0,731,1
2021,basic,10.0,130.0,13,153,93,0,1,5,0,0.0,454,1
2022,basic,10.0,300.0,30,20,105,0,1,5,0,0.0,978,0
2023,basic,10.0,30.0,3,167,112,0,0,3,0,0.0,179,0
2024,standard,20.0,60.0,3,125,86,0,0,8,0,0.0,149,1
2025,basic,10.0,10.0,1,134,86,0,5,13,0,0.0,92,0
2026,premium,40.0,200.0,5,167,114,0,0,5,0,0.0,235,1
2027,basic,10.0,330.0,33,176,104,0,1,3,0,0.0,1064,0
2028,standard,20.0,660.0,33,140,113,0,0,3,0,0.0,1079,1
2029,standard,20.0,20.0,1,167,19,2,2,2,0,0.0,20,0
2030,basic,10.0,350.0,35,72,35,0,2,6,0,0.0,1061,0
2031,basic,10.0,80.0,8,9,97,0,3,7,0,0.0,311,0
2032,standard,20.0,220.0,11,29,61,0,0,4,0,0.0,366,0
2033,premium,40.0,480.0,12,106,29,0,3,8,0,0.0,365,0
2034,standard,20.0,500.0,25,179,74,0,1,7,0,0.0,799,0
2035,standard,20.0,40.0,2,34,94,0,0,6,0,0.0,133,0
2036,standard,20.0,460.0,23,130,44,0,3,8,1,6.0,706,0
2037,premium,40.0,680.0,17,27,85,0,1,8,0,0.0,574,0
2038,standard,20.0,320.0,16,16,106,0,0,4,0,0.0,564,0
2039,basic,10.0,340.0,34,68,78,0,0,4,0,0.0,1077,0
2040,standard,20.0,20.0,1,142,56,0,3,5,0,0.0,61,0
2041,basic,10.0,260.0,26,146,91,2,4,8,0,0.0,846,1
2042,basic,10.0,320.0,32,178,28,0,2,6,0,0.0,964,0
2043,basic,10.0,220.0,22,24,105,0,1,6,0,0.0,741,0
2044,standard,20.0,440.0,22,42,71,0,2,7,0,0.0,702,1
2045,standard,20.0,100.0,5,50,28,0,0,2,0,0.0,150,0
2046,basic,10.0,80.0,8,98,46,0,1,6,0,0.0,261,1
2047,basic,10.0,230.0,23,198,116,0,0,4,0,0.0,778,0
2048,basic,10.0,130.0,13,47,83,0,2,8,0,0.0,451,0
2049,basic,10.0,10.0,1,190,75,0,3,5,0,0.0,78,1
2050,standard,20.0,460.0,23,140,28,0,2,4,0,0.0,695,0
2051,basic,10.0,20.0,2,108,55,0,0,5,0,0.0,92,0
2052,basic,10.0,150.0,15,141,110,0,1,6,0,0.0,536,1
2053,standard,20.0,540.0,27,36,92,0,3,9,0,0.0,873,1
2054,basic,10.0,330.0,33,60,97,0,1,3,0,0.0,1057,0
2055,premium,40.0,760.0,19,63,59,0,0,6,0,0.0,601,0
2056,basic,10.0,220.0,22,54,81,0,0,1,0,0.0,714,1
2057,premium,40.0,1080.0,27,122,107,0,0,6,0,0.0,894,0
2058,basic,10.0,110.0,11,101,32,0,0,3,0,0.0,336,0
2059,basic,10.0,40.0,4,45,33,1,7,14,0,0.0,125,0
2060,basic,10.0,330.0,33,194,108,0,0,5,0,0.0,1077,1
2061,basic,10.0,10.0,1,96,51,0,1,1,0,0.0,51,0
2062,premium,40.0,640.0,16,124,110,0,0,1,0,0.0,562,0
2063,standard,20.0,200.0,10,167,110,0,0,5,0,0.0,383,0
2064,basic,10.0,300.0,30,137,26,0,3,7,0,0.0,905,1
2065,standard,20.0,620.0,31,10,61,1,3,5,0,0.0,962,0
2066,standard,20.0,580.0,29,5,45,0,1,10,0,0.0,889,0
2067,standard,20.0,480.0,24,180,48,0,0,4,0,0.0,739,0
2068,basic,10.0,240.0,24,95,72,0,0,4,0,0.0,765,0
2069,standard,20.0,320.0,16,149,65,0,0,10,0,0.0,522,1
2070,basic,10.0,260.0,26,54,104,0,0,2,0,0.0,860,0
2071,standard,20.0,540.0,27,110,60,1,2,6,0,0.0,840,1
2072,basic,10.0,320.0,32,2,39,0,1,10,0,0.0,972,0
2073,basic,10.0,280.0,28,137,103,0,1,6,0,0.0,916,0
2074,basic,10.0,250.0,25,19,63,0,0,5,0,0.0,784,0
2075,standard,20.0,480.0,24,46,101,0,0,6,0,0.0,796,0
2076,premium,40.0,280.0,7,72,73,0,2,6,0,0.0,258,0
2077,basic,10.0,30.0,3,2,51,0,1,3,0,0.0,116,0
2078,standard,20.0,300.0,15,78,31,0,2,6,0,0.0,457,0
2079,premium,40.0,880.0,22,13,97,0,0,6,1,6.0,730,0
2080,standard,20.0,160.0,8,23,36,0,1,7,0,0.0,249,0
2081,basic,10.0,150.0,15,85,111,0,1,6,0,0.0,537,0
2082,standard,20.0,60.0,3,92,112,0,0,1,0,0.0,178,0
2083,standard,20.0,540.0,27,11,54,1,4,8,0,0.0,842,0
2084,basic,10.0,90.0,9,149,64,0,1,3,0,0.0,312,0
2085,premium,40.0,840.0,21,196,90,0,1,7,1,2.0,692,0
2086,basic,10.0,290.0,29,95,30,1,4,6,1,6.0,872,0
2087,premium,40.0,240.0,6,14,36,0,0,3,0,0.0,191,0
2088,standard,20.0,420.0,21,68,76,0,0,4,0,0.0,677,1
2089,premium,40.0,880.0,22,189,33,0,0,5,0,0.0,672,1
2090,standard,20.0,500.0,25,40,47,0,4,7,0,0.0,769,0
2091,standard,20.0,260.0,13,161,65,0,0,7,0,0.0,434,0
2092,basic,10.0,80.0,8,7,55,0,1,9,0,0.0,273,0
2093,standard,20.0,520.0,26,97,24,0,2,5,1,1.0,780,0
2094,basic,10.0,140.0,14,161,22,0,0,2,0,0.0,420,0
2095,standard,20.0,640.0,32,186,77,0,0,4,1,7.0,1016,0
2096,basic,10.0,120.0,12,156,75,0,2,8,0,0.0,405,0
2097,premium,40.0,80.0,2,88,85,1,1,3,1,0.0,122,0
2098,standard,20.0,40.0,2,66,114,0,0,2,0,0.0,144,1
2099,basic,10.0,330.0,33,21,86,0,0,5,0,0.0,1049,0
2100,basic,10.0,260.0,26,29,84,0,1,8,0,0.0,835,0
2101,basic,10.0,80.0,8,182,23,0,1,4,0,0.0,240,0
2102,premium,40.0,1040.0,26,182,41,0,1,8,0,0.0,799,1
2103,premium,40.0,1160.0,29,167,75,0,1,6,0,0.0,919,0
2104,premium,40.0,400.0,10,34,103,0,0,3,0,0.0,378,0
2105,basic,10.0,270.0,27,3,33,1,3,9,0,0.0,815,0
2106,premium,40.0,200.0,5,197,42,0,0,4,0,0.0,166,0
2107,basic,10.0,20.0,2,75,98,0,0,3,0,0.0,134,0
2108,standard,20.0,700.0,35,111,57,3,3,6,0,0.0,1083,0
2109,standard,20.0,20.0,1,21,19,1,1,1,0,0.0,21,0
2110,premium,40.0,40.0,1,31,88,0,1,5,0,0.0,97,0
2111,basic,10.0,150.0,15,54,52,0,0,7,0,0.0,473,0
2112,basic,10.0,260.0,26,119,48,0,2,6,0,0.0,803,0
2113,standard,20.0,640.0,32,6,104,0,0,9,0,0.0,1042,0
2114,basic,10.0,240.0,24,168,48,0,1,3,0,0.0,740,1
2115,premium,40.0,120.0,3,135,82,0,2,5,0,0.0,143,0
2116,standard,20.0,220.0,11,79,86,2,3,6,0,0.0,393,1
2117,basic,10.0,150.0,15,83,109,0,0,3,0,0.0,533,0
2118,standard,20.0,60.0,3,138,26,0,3,8,1,0.0,93,0
2119,basic,10.0,60.0,6,41,45,0,0,4,1,8.0,197,0
2120,standard,20.0,640.0,32,150,86,0,2,9,0,0.0,1023,0
2121,standard,20.0,80.0,4,162,38,0,2,4,0,0.0,132,0
2122,premium,40.0,680.0,17,36,103,0,1,7,0,0.0,583,0
2123,standard,20.0,580.0,29,143,62,0,1,7,0,0.0,909,0
2124,standard,20.0,120.0,6,37,50,0,0,8,0,0.0,208,0
2125,standard,20.0,380.0,19,123,56,0,1,5,0,0.0,602,1
2126,basic,10.0,160.0,16,32,94,0,2,9,0,0.0,552,0
2127,basic,10.0,170.0,17,53,76,0,1,6,0,0.0,561,0
2128,standard,20.0,260.0,13,189,76,0,0,5,0,0.0,437,1
2129,standard,20.0,100.0,5,148,75,0,2,4,0,0.0,196,0
2130,standard,20.0,160.0,8,187,102,0,1,4,0,0.0,313,1
2131,standard,20.0,420.0,21,109,50,0,1,5,0,0.0,656,0
2132,standard,20.0,240.0,12,40,76,0,1,8,0,0.0,408,1
2133,premium,40.0,960.0,24,17,33,0,0,5,0,0.0,724,0
2134,standard,20.0,700.0,35,160,53,1,1,4,0,0.0,1080,0
2135,premium,40.0,800.0,20,137,82,0,1,6,0,0.0,654,0
2136,standard,20.0,40.0,2,158,92,0,1,5,0,0.0,122,0
2137,basic,10.0,20.0,2,162,57,1,2,3,0,0.0,91,1
2138,basic,10.0,250.0,25,9,105,0,1,1,0,0.0,827,0
2139,standard,20.0,540.0,27,29,56,0,1,5,0,0.0,843,0
2140,premium,40.0,800.0,20,171,50,0,0,2,0,0.0,627,0
2141,standard,20.0,60.0,3,86,87,1,1,4,0,0.0,150,0
2142,standard,20.0,60.0,3,8,108,0,1,8,1,9.0,171,0
2143,standard,20.0,520.0,26,32,93,0,2,6,0,0.0,851,0
2144,basic,10.0,230.0,23,23,43,0,1,3,1,6.0,712,0
2145,basic,10.0,120.0,12,90,53,0,0,5,0,0.0,390,1
2146,basic,10.0,190.0,19,149,75,0,0,2,0,0.0,617,1
2147,standard,20.0,660.0,33,29,98,0,0,2,0,0.0,1058,0
2148,standard,20.0,240.0,12,41,95,0,0,2,1,5.0,431,0
2149,standard,20.0,160.0,8,19,83,0,1,7,1,5.0,295,0
2150,premium,40.0,840.0,21,152,109,0,0,7,1,8.0,712,0
2151,basic,10.0,160.0,16,21,47,0,1,5,0,0.0,501,0
2152,basic,10.0,240.0,24,55,93,0,0,4,0,0.0,791,0
2153,basic,10.0,10.0,1,25,13,0,1,1,0,0.0,21,0
2154,standard,20.0,340.0,17,157,42,0,1,4,0,0.0,525,1
2155,standard,20.0,720.0,36,118,27,0,0,2,0,0.0,1086,0
2156,basic,10.0,300.0,30,153,24,0,1,6,0,0.0,900,1
2157,basic,10.0,220.0,22,136,64,0,4,4,0,0.0,702,0
2158,standard,20.0,400.0,20,129,92,1,3,6,0,0.0,662,0
2159,basic,10.0,80.0,8,165,74,0,1,4,0,0.0,290,1
2160,standard,20.0,560.0,28,122,51,0,0,3,0,0.0,862,1
2161,standard,20.0,420.0,21,125,107,0,0,5,0,0.0,716,1
2162,premium,40.0,1280.0,32,75,27,3,5,6,1,2.0,960,0
2163,standard,20.0,420.0,21,180,80,0,0,2,0,0.0,689,1
2164,standard,20.0,20.0,1,139,29,0,1,2,0,0.0,33,1
2165,basic,10.0,150.0,15,57,73,0,2,6,0,0.0,495,0
2166,basic,10.0,40.0,4,54,100,0,2,6,0,0.0,194,0
2167,basic,10.0,180.0,18,97,102,0,0,3,0,0.0,616,0
2168,basic,10.0,10.0,1,136,40,0,1,1,0,0.0,46,0
2169,premium,40.0,40.0,1,161,27,0,1,1,0,0.0,34,1
2170,basic,10.0,210.0,21,147,30,0,1,5,0,0.0,639,1
2171,standard,20.0,80.0,4,19,72,0,2,7,0,0.0,162,0
2172,basic,10.0,270.0,27,133,26,1,1,4,0,0.0,810,1
2173,basic,10.0,190.0,19,183,88,0,1,7,0,0.0,632,0
2174,basic,10.0,30.0,3,56,48,0,0,5,1,8.0,110,1
2175,standard,20.0,200.0,10,108,48,0,1,5,0,0.0,318,0
2176,basic,10.0,250.0,25,159,93,0,3,9,0,0.0,816,0
2177,basic,10.0,280.0,28,4,54,2,5,9,0,0.0,871,0
2178,standard,20.0,360.0,18,77,108,0,1,8,0,0.0,626,0
2179,basic,10.0,130.0,13,84,100,0,1,6,1,0.0,465,0
2180,standard,20.0,240.0,12,78,83,0,0,7,0,0.0,415,0
2181,basic,10.0,350.0,35,49,71,0,0,6,0,0.0,1091,0
2182,basic,10.0,280.0,28,180,50,0,1,5,0,0.0,863,0
2183,basic,10.0,160.0,16,16,96,0,2,5,0,0.0,552,0
2184,basic,10.0,170.0,17,30,76,0,0,6,0,0.0,564,0
2185,standard,20.0,20.0,1,124,59,0,1,2,1,7.0,68,0
2186,standard,20.0,140.0,7,17,40,0,1,6,0,0.0,229,1
2187,standard,20.0,160.0,8,164,30,0,1,5,1,0.0,249,1
2188,standard,20.0,280.0,14,43,41,0,1,6,0,0.0,439,0
2189,basic,10.0,140.0,14,101,77,0,1,8,0,0.0,470,0
2190,premium,40.0,960.0,24,91,38,0,0,6,0,0.0,730,0
2191,basic,10.0,330.0,33,146,95,0,0,3,0,0.0,1060,0
2192,basic,10.0,310.0,31,188,39,0,1,5,0,0.0,939,0
2193,basic,10.0,330.0,33,169,40,0,1,4,1,1.0,1007,0
2194,basic,10.0,200.0,20,173,27,0,3,10,0,0.0,606,1
2195,premium,40.0,760.0,19,65,41,0,1,6,0,0.0,587,0
2196,standard,20.0,380.0,19,174,46,0,2,7,0,0.0,586,0
2197,basic,10.0,310.0,31,162,52,0,0,7,0,0.0,955,1
2198,standard,20.0,480.0,24,151,98,0,0,2,0,0.0,792,0
2199,basic,10.0,350.0,35,71,55,0,1,4,0,0.0,1079,1
2200,standard,20.0,400.0,20,103,95,0,3,7,0,0.0,669,0
2201,standard,20.0,520.0,26,67,70,0,2,11,0,0.0,826,1
2202,standard,20.0,440.0,22,153,46,0,1,7,0,0.0,680,1
2203,standard,20.0,280.0,14,133,59,0,2,7,0,0.0,450,0
2204,basic,10.0,310.0,31,38,67,0,1,5,0,0.0,975,0
2205,basic,10.0,140.0,14,72,94,0,2,4,1,8.0,489,0
2206,basic,10.0,20.0,2,129,74,0,0,3,0,0.0,105,0
2207,basic,10.0,310.0,31,103,91,0,2,5,0,0.0,996,0
2208,standard,20.0,100.0,5,92,95,0,2,5,0,0.0,223,1
2209,standard,20.0,220.0,11,169,38,0,0,9,0,0.0,346,0
2210,standard,20.0,240.0,12,86,99,0,1,2,0,0.0,433,0
2211,basic,10.0,80.0,8,109,98,0,1,3,0,0.0,317,1
2212,basic,10.0,250.0,25,124,92,0,1,6,0,0.0,815,0
2213,standard,20.0,200.0,10,141,110,0,2,5,0,0.0,381,0
2214,basic,10.0,150.0,15,81,61,0,2,4,0,0.0,488,0
2215,standard,20.0,20.0,1,173,31,0,3,3,0,0.0,34,0
2216,standard,20.0,420.0,21,8,89,0,2,6,0,0.0,694,0
2217,basic,10.0,40.0,4,84,60,0,3,11,0,0.0,152,0
2218,standard,20.0,540.0,27,183,77,0,0,3,0,0.0,864,1
2219,basic,10.0,270.0,27,2,60,0,0,6,0,0.0,844,0
2220,basic,10.0,240.0,24,84,97,0,0,4,0,0.0,789,1
2221,basic,10.0,210.0,21,188,99,0,1,9,0,0.0,708,1
2222,basic,10.0,150.0,15,130,43,0,4,8,1,0.0,463,0
2223,basic,10.0,160.0,16,0,53,1,1,7,0,0.0,510,0
2224,premium,40.0,960.0,24,15,72,0,3,6,0,0.0,767,0
2225,basic,10.0,340.0,34,16,65,0,2,8,1,4.0,1059,0
2226,basic,10.0,130.0,13,31,30,0,1,7,0,0.0,396,0
2227,basic,10.0,230.0,23,154,27,0,1,6,0,0.0,694,0
2228,basic,10.0,30.0,3,83,89,1,2,6,0,0.0,154,1
2229,standard,20.0,320.0,16,125,118,0,0,7,0,0.0,569,1
2230,standard,20.0,160.0,8,64,75,0,1,4,0,0.0,286,1
2231,basic,10.0,70.0,7,30,83,1,3,6,0,0.0,271,1
2232,standard,20.0,80.0,4,94,30,0,0,3,1,0.0,127,0
2233,basic,10.0,20.0,2,75,117,0,1,5,0,0.0,148,0
2234,standard,20.0,60.0,3,162,65,0,2,6,0,0.0,129,0
2235,standard,20.0,500.0,25,182,114,0,0,2,0,0.0,836,0
2236,basic,10.0,80.0,8,129,57,1,2,6,0,0.0,271,1
2237,basic,10.0,260.0,26,196,43,0,2,7,1,5.0,800,1
2238,basic,10.0,160.0,16,0,106,0,0,10,0,0.0,563,0
2239,basic,10.0,260.0,26,11,113,0,0,7,1,7.0,863,0
2240,premium,40.0,1120.0,28,21,38,0,1,4,1,9.0,857,0
2241,basic,10.0,220.0,22,57,113,0,2,3,0,0.0,747,0
2242,basic,10.0,330.0,33,149,74,0,2,7,0,0.0,1036,1
2243,basic,10.0,10.0,1,157,50,0,0,2,0,0.0,58,1
2244,basic,10.0,200.0,20,163,102,0,0,2,0,0.0,675,1
2245,basic,10.0,110.0,11,198,101,0,2,5,0,0.0,406,1
2246,basic,10.0,310.0,31,46,62,0,2,8,1,0.0,967,1
2247,basic,10.0,300.0,30,114,79,0,0,2,0,0.0,955,1
2248,basic,10.0,320.0,32,134,31,0,1,4,0,0.0,968,0
2249,basic,10.0,330.0,33,125,65,0,1,5,0,0.0,1029,1
2250,standard,20.0,480.0,24,137,72,0,0,5,0,0.0,769,0
2251,basic,10.0,340.0,34,143,34,0,2,5,0,0.0,1028,1
2252,standard,20.0,440.0,22,117,90,0,3,8,0,0.0,722,0
2253,premium,40.0,640.0,16,40,96,0,3,4,0,0.0,549,0
2254,standard,20.0,20.0,1,182,18,0,1,1,0,0.0,26,0
2255,basic,10.0,290.0,29,111,56,0,0,2,0,0.0,897,0
2256,basic,10.0,290.0,29,89,93,0,1,5,0,0.0,941,1
2257,basic,10.0,40.0,4,178,114,0,0,3,0,0.0,208,1
2258,basic,10.0,110.0,11,34,113,0,1,6,0,0.0,414,0
2259,premium,40.0,1160.0,29,194,43,0,1,6,2,2.5,887,0
2260,basic,10.0,330.0,33,80,99,0,1,8,0,0.0,1062,1
2261,premium,40.0,1280.0,32,146,46,0,4,7,0,0.0,976,1
2262,premium,40.0,200.0,5,130,43,0,0,8,0,0.0,171,0
2263,standard,20.0,640.0,32,142,97,0,1,3,0,0.0,1032,1
2264,standard,20.0,600.0,30,154,102,0,0,2,1,3.0,976,0
2265,standard,20.0,20.0,1,173,-3,2,2,2,0,0.0,6,0
2266,standard,20.0,420.0,21,76,67,0,1,6,0,0.0,670,0
2267,premium,40.0,1040.0,26,175,92,0,1,5,0,0.0,849,1
2268,basic,10.0,180.0,18,60,45,0,2,5,0,0.0,557,1
2269,basic,10.0,140.0,14,193,38,0,4,6,0,0.0,429,1
2270,standard,20.0,140.0,7,100,42,0,0,5,0,0.0,229,1
2271,basic,10.0,330.0,33,40,106,0,1,5,1,2.0,1067,0
2272,basic,10.0,190.0,19,7,29,1,4,6,0,0.0,571,0
2273,basic,10.0,150.0,15,6,100,0,1,9,0,0.0,521,0
2274,basic,10.0,260.0,26,119,44,0,0,3,1,5.0,794,1
2275,standard,20.0,440.0,22,180,81,0,0,4,0,0.0,711,0
2276,premium,40.0,280.0,7,189,34,0,0,2,0,0.0,223,1
2277,basic,10.0,270.0,27,71,93,1,1,3,0,0.0,873,1
2278,standard,20.0,580.0,29,58,35,0,2,4,0,0.0,876,0
2279,basic,10.0,130.0,13,180,86,1,3,4,0,0.0,454,1
2280,standard,20.0,20.0,1,154,33,0,0,1,0,0.0,38,0
2281,standard,20.0,20.0,1,4,47,0,0,1,0,0.0,51,0
2282,standard,20.0,200.0,10,164,109,0,0,1,0,0.0,386,0
2283,standard,20.0,600.0,30,114,88,0,2,11,1,3.0,961,1
2284,standard,20.0,700.0,35,79,42,0,0,5,0,0.0,1069,1
2285,standard,20.0,700.0,35,93,27,0,0,1,0,0.0,1052,1
2286,standard,20.0,20.0,1,193,43,0,1,2,0,0.0,46,0
2287,standard,20.0,300.0,15,125,109,0,0,4,0,0.0,529,0
2288,basic,10.0,50.0,5,199,22,1,3,7,0,0.0,150,0
2289,premium,40.0,520.0,13,3,95,0,3,6,0,0.0,459,0
2290,standard,20.0,580.0,29,5,33,1,3,8,0,0.0,874,0
2291,standard,20.0,260.0,13,23,61,0,1,2,1,0.0,428,0
2292,standard,20.0,20.0,1,26,13,2,3,3,1,6.0,22,0
2293,basic,10.0,40.0,4,127,99,0,1,2,0,0.0,190,1
2294,standard,20.0,420.0,21,26,32,0,4,6,0,0.0,635,0
2295,basic,10.0,100.0,10,17,58,0,0,3,1,7.0,328,0
2296,premium,40.0,40.0,1,166,24,2,5,5,0,0.0,25,0
2297,basic,10.0,10.0,1,102,16,1,4,4,0,0.0,24,0
2298,basic,10.0,150.0,15,82,102,0,0,2,1,2.0,531,1
2299,standard,20.0,100.0,5,106,59,0,1,6,0,0.0,183,1
2300,standard,20.0,400.0,20,100,77,0,1,4,0,0.0,650,0
2301,basic,10.0,90.0,9,0,41,0,1,6,0,0.0,285,0
2302,basic,10.0,210.0,21,148,81,0,2,10,0,0.0,690,0
2303,standard,20.0,400.0,20,49,109,0,0,8,0,0.0,679,0
2304,basic,10.0,70.0,7,82,100,0,0,4,0,0.0,282,0
2305,basic,10.0,290.0,29,90,60,0,3,7,1,4.0,908,0
2306,standard,20.0,160.0,8,88,43,0,0,2,1,1.0,253,0
2307,basic,10.0,80.0,8,154,76,0,2,7,0,0.0,292,1
2308,basic,10.0,60.0,6,8,42,0,1,6,0,0.0,199,1
2309,standard,20.0,300.0,15,191,100,0,3,12,0,0.0,528,1
2310,standard,20.0,140.0,7,113,65,0,3,5,0,0.0,251,0
2311,basic,10.0,330.0,33,16,52,0,0,7,0,0.0,1019,0
2312,basic,10.0,300.0,30,103,57,0,2,2,0,0.0,934,0
2313,basic,10.0,170.0,17,54,101,0,1,4,1,5.0,582,0
2314,basic,10.0,320.0,32,79,100,0,0,2,0,0.0,1039,1
2315,basic,10.0,260.0,26,138,47,0,0,3,1,9.0,800,0
2316,standard,20.0,480.0,24,11,70,0,0,8,1,4.0,766,0
2317,premium,40.0,880.0,22,63,35,0,0,8,0,0.0,668,0
2318,basic,10.0,230.0,23,152,65,0,1,8,0,0.0,733,1
2319,standard,20.0,540.0,27,117,45,0,0,8,0,0.0,829,0
2320,basic,10.0,210.0,21,116,71,0,1,6,0,0.0,671,1
2321,standard,20.0,100.0,5,94,107,0,0,1,1,5.0,236,0
2322,basic,10.0,130.0,13,107,108,0,0,2,0,0.0,472,0
2323,standard,20.0,620.0,31,138,58,0,2,5,0,0.0,966,1
2324,standard,20.0,480.0,24,4,97,0,2,6,0,0.0,796,0
2325,basic,10.0,330.0,33,3,92,0,3,9,0,0.0,1058,0
2326,basic,10.0,10.0,1,55,26,2,4,4,0,0.0,27,0
2327,premium,40.0,320.0,8,65,82,0,0,6,0,0.0,296,0
2328,standard,20.0,400.0,20,157,112,0,2,8,0,0.0,682,0
2329,standard,20.0,180.0,9,144,72,0,2,10,0,0.0,316,0
2330,basic,10.0,260.0,26,199,105,0,0,2,0,0.0,859,0
2331,standard,20.0,500.0,25,21,98,0,3,13,0,0.0,818,0
2332,standard,20.0,420.0,21,0,51,0,0,1,0,0.0,658,0
2333,basic,10.0,320.0,32,15,55,0,0,8,0,0.0,987,0
2334,basic,10.0,180.0,18,163,94,0,3,6,0,0.0,605,1
2335,standard,20.0,460.0,23,177,72,0,0,2,0,0.0,737,1
2336,basic,10.0,150.0,15,8,72,0,1,5,0,0.0,494,0
2337,premium,40.0,520.0,13,176,49,0,1,4,0,0.0,410,0
2338,standard,20.0,560.0,28,198,73,0,1,2,0,0.0,890,1
2339,standard,20.0,280.0,14,45,30,0,3,10,0,0.0,423,1
2340,basic,10.0,200.0,20,113,29,0,2,6,0,0.0,606,1
2341,standard,20.0,40.0,2,37,87,0,3,9,0,0.0,125,1
2342,standard,20.0,40.0,2,77,32,0,0,3,2,3.5,66,0
2343,standard,20.0,20.0,1,133,50,0,0,2,0,0.0,50,0
2344,premium,40.0,1240.0,31,39,44,0,1,5,1,8.0,951,0
2345,basic,10.0,250.0,25,13,52,0,0,2,0,0.0,779,0
2346,basic,10.0,70.0,7,49,35,0,4,6,0,0.0,219,0
2347,basic,10.0,320.0,32,100,72,0,1,5,0,0.0,1005,0
2348,basic,10.0,250.0,25,161,104,0,0,6,1,5.0,829,0
2349,standard,20.0,420.0,21,172,103,0,1,6,0,0.0,709,0
2350,basic,10.0,240.0,24,113,43,0,1,7,0,0.0,735,1
2351,standard,20.0,600.0,30,116,22,0,0,5,0,0.0,900,0
2352,basic,10.0,40.0,4,113,26,1,2,6,0,0.0,121,0
2353,premium,40.0,720.0,18,57,105,0,1,9,1,9.0,616,0
2354,standard,20.0,340.0,17,32,103,0,0,5,0,0.0,590,0
2355,premium,40.0,680.0,17,55,65,0,0,7,0,0.0,552,0
2356,basic,10.0,20.0,2,173,48,0,1,3,0,0.0,80,0
2357,standard,20.0,20.0,1,69,0,2,2,2,0,0.0,6,0
2358,standard,20.0,680.0,34,69,82,1,1,1,0,0.0,1080,0
2359,basic,10.0,70.0,7,176,84,0,1,6,0,0.0,266,0
2360,standard,20.0,320.0,16,77,31,0,4,7,0,0.0,490,0
2361,basic,10.0,110.0,11,84,65,0,1,4,1,6.0,371,0
2362,premium,40.0,1240.0,31,124,108,0,1,2,0,0.0,1014,0
2363,basic,10.0,160.0,16,108,95,0,1,3,0,0.0,545,1
2364,basic,10.0,180.0,18,47,32,0,1,4,0,0.0,542,0
2365,basic,10.0,10.0,1,58,48,0,0,2,0,0.0,51,0
2366,standard,20.0,140.0,7,54,78,0,1,4,0,0.0,267,1
2367,basic,10.0,110.0,11,155,97,0,0,4,0,0.0,403,0
2368,premium,40.0,1240.0,31,69,31,0,1,5,0,0.0,939,1
2369,standard,20.0,420.0,21,189,108,0,0,6,1,5.0,711,0
2370,standard,20.0,540.0,27,3,69,0,2,3,0,0.0,854,0
2371,standard,20.0,560.0,28,138,31,0,3,5,0,0.0,841,0
2372,standard,20.0,100.0,5,89,55,0,0,6,0,0.0,175,0
2373,basic,10.0,160.0,16,42,37,0,1,4,0,0.0,494,0
2374,standard,20.0,160.0,8,95,55,0,0,8,1,2.0,273,0
2375,standard,20.0,280.0,14,192,101,0,0,2,0,0.0,498,0
2376,basic,10.0,130.0,13,171,101,0,1,8,0,0.0,470,0
2377,standard,20.0,660.0,33,155,83,0,0,3,0,0.0,1043,1
2378,basic,10.0,140.0,14,40,58,0,1,2,0,0.0,451,0
2379,premium,40.0,800.0,20,60,29,0,2,10,0,0.0,608,0
2380,basic,10.0,290.0,29,168,40,0,0,6,0,0.0,881,1
2381,basic,10.0,130.0,13,66,102,0,1,8,0,0.0,469,0
2382,basic,10.0,150.0,15,139,101,0,0,1,0,0.0,530,1
2383,standard,20.0,540.0,27,60,34,0,1,8,0,0.0,820,1
2384,basic,10.0,10.0,1,50,112,0,1,8,0,0.0,112,0
2385,basic,10.0,10.0,1,61,62,0,2,3,0,0.0,62,0
2386,basic,10.0,180.0,18,137,108,0,0,3,1,1.0,622,1
2387,standard,20.0,600.0,30,141,80,0,0,4,0,0.0,957,1
2388,standard,20.0,640.0,32,151,82,0,0,4,1,2.0,1018,0
2389,premium,40.0,120.0,3,112,67,0,1,2,1,3.0,131,0
2390,standard,20.0,20.0,1,15,57,0,1,1,0,0.0,65,1
2391,standard,20.0,260.0,13,113,77,0,0,4,0,0.0,440,0
2392,basic,10.0,80.0,8,67,26,0,1,5,1,5.0,240,1
2393,basic,10.0,300.0,30,150,109,0,1,3,1,2.0,983,0
2394,basic,10.0,330.0,33,25,49,0,0,5,1,7.0,1014,0
2395,standard,20.0,460.0,23,177,79,0,0,4,0,0.0,741,1
2396,basic,10.0,190.0,19,104,91,0,4,8,0,0.0,637,0
2397,standard,20.0,420.0,21,33,68,0,1,5,0,0.0,676,0
2398,basic,10.0,280.0,28,0,119,0,0,4,0,0.0,929,0
2399,standard,20.0,660.0,33,78,67,0,0,2,1,5.0,1031,0
2400,basic,10.0,30.0,3,62,64,0,2,4,0,0.0,128,0
2401,premium,40.0,640.0,16,75,37,0,1,4,0,0.0,491,0
2402,standard,20.0,240.0,12,145,47,0,2,7,0,0.0,379,1
2403,standard,20.0,300.0,15,173,57,0,1,8,0,0.0,486,1
2404,standard,20.0,40.0,2,156,39,0,0,1,0,0.0,77,1
2405,basic,10.0,280.0,28,125,78,0,0,4,0,0.0,890,0
2406,basic,10.0,170.0,17,160,98,0,1,3,0,0.0,581,1
2407,basic,10.0,260.0,26,181,31,0,1,3,0,0.0,789,1
2408,basic,10.0,10.0,1,7,6,2,2,2,0,0.0,11,0
2409,premium,40.0,400.0,10,3,44,0,0,1,0,0.0,319,0
2410,basic,10.0,310.0,31,96,108,0,0,0,1,3.0,1012,1
2411,basic,10.0,320.0,32,159,101,0,3,6,0,0.0,1036,0
2412,basic,10.0,260.0,26,182,84,0,1,3,0,0.0,841,0
2413,premium,40.0,1040.0,26,184,53,0,0,8,0,0.0,807,0
2414,basic,10.0,70.0,7,72,28,0,1,5,0,0.0,211,0
2415,standard,20.0,20.0,1,55,20,0,1,1,0,0.0,29,1
2416,basic,10.0,140.0,14,107,55,0,0,3,1,0.0,449,1
2417,basic,10.0,30.0,3,20,104,0,0,3,0,0.0,166,0
2418,standard,20.0,40.0,2,16,53,0,1,7,0,0.0,87,0
2419,basic,10.0,290.0,29,152,48,0,1,5,0,0.0,890,0
2420,standard,20.0,420.0,21,24,82,0,1,5,0,0.0,687,0
2421,premium,40.0,1120.0,28,33,50,0,0,5,0,0.0,865,0
2422,standard,20.0,720.0,36,126,39,0,1,4,0,0.0,1093,0
2423,basic,10.0,310.0,31,135,77,0,0,3,0,0.0,986,0
2424,standard,20.0,360.0,18,161,67,0,2,8,1,6.0,583,0
2425,basic,10.0,260.0,26,45,52,0,1,5,0,0.0,802,0
2426,basic,10.0,310.0,31,114,41,0,0,3,0,0.0,944,0
2427,standard,20.0,260.0,13,170,75,0,2,5,0,0.0,441,0
2428,basic,10.0,290.0,29,15,80,0,0,4,0,0.0,923,0
2429,standard,20.0,560.0,28,185,77,0,0,5,1,9.0,887,0
2430,basic,10.0,280.0,28,137,49,0,1,5,0,0.0,861,1
2431,basic,10.0,190.0,19,20,74,0,1,3,0,0.0,617,0
2432,basic,10.0,290.0,29,5,34,1,3,5,0,0.0,874,0
2433,standard,20.0,560.0,28,140,74,0,1,6,0,0.0,885,1
2434,standard,20.0,400.0,20,156,57,0,1,6,0,0.0,634,0
2435,standard,20.0,300.0,15,63,105,0,1,6,0,0.0,534,0
2436,standard,20.0,280.0,14,4,88,0,1,6,0,0.0,478,0
2437,premium,40.0,720.0,18,166,50,0,1,6,1,3.0,568,0
2438,basic,10.0,60.0,6,63,39,0,0,5,0,0.0,190,0
2439,premium,40.0,280.0,7,20,58,0,1,4,0,0.0,241,1
2440,basic,10.0,350.0,35,123,41,0,1,6,0,0.0,1064,1
2441,standard,20.0,320.0,16,132,53,0,0,6,0,0.0,509,0
2442,standard,20.0,680.0,34,187,34,0,0,2,0,0.0,1028,0
2443,standard,20.0,220.0,11,187,87,0,0,6,0,0.0,387,0
2444,standard,20.0,440.0,22,85,85,0,1,7,0,0.0,718,0
2445,basic,10.0,50.0,5,16,63,1,1,5,0,0.0,185,0
2446,basic,10.0,200.0,20,95,62,0,1,5,0,0.0,635,1
2447,standard,20.0,20.0,1,35,40,0,0,1,0,0.0,46,0
2448,standard,20.0,640.0,32,169,57,0,0,10,1,3.0,988,0
2449,premium,40.0,1000.0,25,141,32,0,2,6,0,0.0,753,1
2450,standard,20.0,140.0,7,134,72,0,2,5,0,0.0,254,0
2451,premium,40.0,720.0,18,162,107,0,1,6,0,0.0,622,0
2452,basic,10.0,270.0,27,186,34,0,3,6,0,0.0,817,1
2453,basic,10.0,30.0,3,181,67,0,1,5,1,0.0,127,0
2454,basic,10.0,10.0,1,178,7,1,1,1,0,0.0,14,1
2455,basic,10.0,220.0,22,126,50,0,0,2,0,0.0,686,0
2456,basic,10.0,100.0,10,122,104,0,2,5,0,0.0,381,0
2457,basic,10.0,160.0,16,176,32,0,3,8,1,7.0,483,1
2458,basic,10.0,320.0,32,169,84,1,2,8,0,0.0,1021,1
2459,premium,40.0,720.0,18,113,71,0,1,6,0,0.0,583,0
2460,standard,20.0,40.0,2,69,65,0,3,10,0,0.0,102,0
2461,basic,10.0,210.0,21,131,33,0,2,8,0,0.0,633,0
2462,premium,40.0,800.0,20,0,23,1,2,4,0,0.0,601,0
2463,basic,10.0,10.0,1,94,26,0,2,2,0,0.0,34,0
2464,basic,10.0,60.0,6,102,63,0,3,12,0,0.0,216,1
2465,standard,20.0,180.0,9,26,57,0,0,4,0,0.0,298,0
2466,premium,40.0,400.0,10,196,35,0,2,3,0,0.0,305,1
2467,basic,10.0,190.0,19,29,118,0,0,5,0,0.0,658,1
2468,basic,10.0,260.0,26,57,29,2,3,9,0,0.0,780,0
2469,standard,20.0,20.0,1,0,31,0,3,4,0,0.0,32,0
2470,basic,10.0,180.0,18,104,41,0,0,3,0,0.0,555,0
2471,basic,10.0,280.0,28,111,94,0,3,6,1,5.0,906,1
2472,basic,10.0,320.0,32,167,108,0,0,8,0,0.0,1041,1
2473,basic,10.0,340.0,34,118,69,0,2,6,0,0.0,1064,1
2474,standard,20.0,680.0,34,168,61,0,0,4,0,0.0,1052,0
2475,standard,20.0,340.0,17,130,110,0,1,3,0,0.0,594,1
2476,basic,10.0,240.0,24,172,33,0,0,5,0,0.0,726,0
2477,premium,40.0,1280.0,32,71,99,0,0,2,0,0.0,1034,1
2478,standard,20.0,60.0,3,161,29,0,3,9,0,0.0,91,0
2479,standard,20.0,20.0,1,189,31,0,1,1,0,0.0,32,1
2480,premium,40.0,320.0,8,117,74,0,1,9,0,0.0,291,0
2481,basic,10.0,50.0,5,137,50,0,0,7,0,0.0,178,0
2482,basic,10.0,80.0,8,6,45,0,1,4,0,0.0,258,0
2483,standard,20.0,20.0,1,174,55,0,0,1,0,0.0,56,1
2484,basic,10.0,210.0,21,23,27,0,2,5,0,0.0,634,0
2485,basic,10.0,90.0,9,3,77,0,0,6,0,0.0,320,0
2486,premium,40.0,40.0,1,117,39,0,1,3,0,0.0,47,0
2487,basic,10.0,110.0,11,174,102,0,1,5,0,0.0,406,1
2488,premium,40.0,600.0,15,60,49,0,2,5,0,0.0,475,0
2489,basic,10.0,340.0,34,136,79,0,0,4,0,0.0,1069,1
2490,basic,10.0,140.0,14,105,34,0,3,6,0,0.0,433,0
2491,basic,10.0,170.0,17,172,103,0,1,4,0,0.0,586,0
2492,standard,20.0,60.0,3,110,53,0,2,4,0,0.0,116,0
2493,basic,10.0,270.0,27,18,100,0,0,7,0,0.0,888,0
2494,standard,20.0,540.0,27,129,54,0,0,7,0,0.0,839,1
2495,basic,10.0,350.0,35,138,47,0,5,12,0,0.0,1069,0
2496,basic,10.0,270.0,27,185,68,0,3,9,0,0.0,853,0
2497,basic,10.0,330.0,33,199,80,0,2,5,0,0.0,1040,0
2498,standard,20.0,280.0,14,173,100,0,1,4,0,0.0,496,0
2499,standard,20.0,20.0,1,142,87,0,1,3,0,0.0,87,0
2500,standard,20.0,320.0,16,11,41,0,0,6,0,0.0,500,0
2501,standard,20.0,500.0,25,159,74,0,1,6,0,0.0,801,1
2502,basic,10.0,130.0,13,82,38,0,1,7,0,0.0,402,0
2503,standard,20.0,200.0,10,13,25,0,0,4,0,0.0,302,0
2504,basic,10.0,320.0,32,105,54,0,2,8,0,0.0,984,1
2505,standard,20.0,40.0,2,72,114,0,1,2,1,1.0,144,0
2506,basic,10.0,260.0,26,185,31,0,0,2,0,0.0,788,0
2507,premium,40.0,1160.0,29,3,96,0,1,2,1,9.0,937,0
2508,standard,20.0,520.0,26,74,63,0,3,4,0,0.0,813,0
2509,basic,10.0,200.0,20,135,52,0,3,7,0,0.0,630,0
2510,standard,20.0,340.0,17,27,78,0,0,5,0,0.0,561,0
2511,basic,10.0,240.0,24,160,27,0,1,3,0,0.0,725,0
2512,premium,40.0,520.0,13,73,85,1,4,12,0,0.0,451,0
2513,premium,40.0,80.0,2,169,82,0,1,5,1,2.0,120,0
2514,standard,20.0,400.0,20,50,44,0,0,2,0,0.0,623,0
2515,basic,10.0,10.0,1,47,75,0,1,5,0,0.0,79,0
2516,standard,20.0,40.0,2,110,93,0,1,7,0,0.0,124,0
2517,standard,20.0,320.0,16,29,82,1,1,5,0,0.0,540,0
2518,standard,20.0,420.0,21,101,36,0,0,6,0,0.0,645,0
2519,standard,20.0,420.0,21,44,81,0,0,4,0,0.0,688,0
2520,standard,20.0,320.0,16,164,49,0,0,9,0,0.0,508,1
2521,premium,40.0,960.0,24,49,67,0,0,1,0,0.0,763,0
2522,standard,20.0,640.0,32,59,23,1,2,5,0,0.0,962,0
2523,basic,10.0,180.0,18,62,107,0,0,4,0,0.0,624,0
2524,standard,20.0,320.0,16,145,92,0,3,6,0,0.0,547,1
2525,basic,10.0,230.0,23,113,72,0,2,8,0,0.0,732,1
2526,premium,40.0,40.0,1,167,44,0,0,2,0,0.0,53,0
2527,standard,20.0,160.0,8,188,31,0,1,6,1,9.0,242,0
2528,basic,10.0,20.0,2,51,81,0,0,4,1,8.0,118,0
2529,standard,20.0,520.0,26,123,55,0,1,5,1,6.0,814,1
2530,basic,10.0,360.0,36,106,24,0,0,4,0,0.0,1082,0
2531,basic,10.0,180.0,18,14,54,0,1,5,1,0.0,569,1
2532,premium,40.0,40.0,1,77,15,1,4,4,0,0.0,19,0
2533,basic,10.0,220.0,22,169,53,0,3,5,1,2.0,692,0
2534,premium,40.0,640.0,16,134,27,0,3,7,1,5.0,485,1
2535,basic,10.0,50.0,5,166,117,0,1,6,0,0.0,239,1
2536,basic,10.0,50.0,5,103,80,0,0,6,0,0.0,201,1
2537,standard,20.0,680.0,34,162,80,0,0,6,0,0.0,1074,1
2538,premium,40.0,1040.0,26,195,90,1,4,10,0,0.0,842,1
2539,basic,10.0,10.0,1,167,40,0,1,2,0,0.0,46,0
2540,standard,20.0,680.0,34,187,31,1,2,8,1,8.0,1024,0
2541,basic,10.0,80.0,8,105,64,0,2,5,0,0.0,277,0
2542,basic,10.0,40.0,4,70,27,0,0,4,0,0.0,122,0
2543,standard,20.0,120.0,6,110,40,0,1,4,0,0.0,197,0
2544,basic,10.0,160.0,16,67,101,0,0,2,0,0.0,560,0
2545,basic,10.0,200.0,20,136,28,0,0,4,0,0.0,604,1
2546,premium,40.0,1000.0,25,77,82,0,0,1,0,0.0,808,0
2547,premium,40.0,240.0,6,182,48,0,0,3,0,0.0,205,1
2548,basic,10.0,240.0,24,149,117,0,0,3,0,0.0,809,0
2549,basic,10.0,320.0,32,0,89,0,1,5,1,2.0,1028,0
2550,basic,10.0,220.0,22,134,46,0,0,2,0,0.0,677,1
2551,standard,20.0,20.0,1,138,78,0,1,3,0,0.0,80,0
2552,basic,10.0,280.0,28,111,42,0,4,11,1,7.0,854,0
2553,standard,20.0,720.0,36,29,29,0,5,7,0,0.0,1086,0
2554,premium,40.0,1040.0,26,39,69,0,1,5,1,4.0,824,0
2555,basic,10.0,300.0,30,145,49,0,1,6,1,8.0,919,0
2556,premium,40.0,520.0,13,45,73,0,0,4,1,0.0,433,0
2557,standard,20.0,260.0,13,24,106,0,1,8,2,1.5,470,0
2558,standard,20.0,40.0,2,106,45,0,0,6,0,0.0,84,0
2559,basic,10.0,210.0,21,156,54,1,3,9,0,0.0,661,1
2560,standard,20.0,240.0,12,136,54,0,0,7,1,8.0,389,0
2561,standard,20.0,600.0,30,49,28,1,5,9,0,0.0,902,0
2562,basic,10.0,150.0,15,194,85,0,1,5,0,0.0,510,0
2563,standard,20.0,460.0,23,36,97,0,0,2,0,0.0,759,0
2564,basic,10.0,290.0,29,50,78,0,1,3,0,0.0,919,0
2565,standard,20.0,40.0,2,166,23,2,4,5,1,3.0,60,1
2566,basic,10.0,360.0,36,36,38,0,2,4,0,0.0,1089,0
2567,standard,20.0,200.0,10,160,36,0,2,7,0,0.0,311,1
2568,standard,20.0,100.0,5,174,34,0,0,2,0,0.0,159,1
2569,basic,10.0,110.0,11,9,75,0,1,1,0,0.0,375,0
2570,basic,10.0,50.0,5,174,27,0,3,5,0,0.0,156,0
2571,basic,10.0,320.0,32,74,111,0,0,2,0,0.0,1042,0
2572,premium,40.0,160.0,4,97,48,0,2,5,0,0.0,140,1
2573,standard,20.0,280.0,14,116,102,0,0,3,0,0.0,494,0
2574,premium,40.0,1160.0,29,167,59,0,0,4,1,3.0,904,0
2575,basic,10.0,10.0,1,184,69,0,2,4,0,0.0,73,0
2576,basic,10.0,330.0,33,182,106,0,3,8,1,1.0,1067,0
2577,premium,40.0,360.0,9,25,22,1,1,8,0,0.0,271,0
2578,basic,10.0,180.0,18,163,58,0,1,8,0,0.0,572,1
2579,basic,10.0,340.0,34,121,66,0,0,1,0,0.0,1065,0
2580,standard,20.0,400.0,20,109,26,0,4,7,0,0.0,600,0
2581,basic,10.0,70.0,7,48,43,0,1,5,0,0.0,232,0
2582,standard,20.0,320.0,16,93,77,0,1,3,0,0.0,535,0
2583,premium,40.0,840.0,21,59,34,0,0,4,1,5.0,643,0
2584,basic,10.0,90.0,9,176,61,0,2,10,1,4.0,310,0
2585,basic,10.0,340.0,34,80,90,0,1,5,1,9.0,1085,0
2586,standard,20.0,60.0,3,130,88,0,3,10,0,0.0,150,1
2587,standard,20.0,420.0,21,144,44,0,1,5,0,0.0,647,1
2588,basic,10.0,170.0,17,156,72,0,0,3,0,0.0,556,0
2589,basic,10.0,310.0,31,152,100,0,1,4,0,0.0,1007,1
2590,basic,10.0,80.0,8,61,30,0,0,7,0,0.0,246,0
2591,premium,40.0,920.0,23,60,107,0,1,6,0,0.0,776,0
2592,premium,40.0,1360.0,34,80,95,0,1,6,0,0.0,1089,1
2593,basic,10.0,80.0,8,59,94,0,1,5,0,0.0,310,1
2594,basic,10.0,270.0,27,93,76,0,1,6,0,0.0,863,0
2595,basic,10.0,310.0,31,28,110,0,1,3,0,0.0,1016,0
2596,basic,10.0,250.0,25,198,103,0,0,2,0,0.0,825,1
2597,basic,10.0,130.0,13,85,60,0,1,4,0,0.0,420,1
2598,standard,20.0,400.0,20,57,94,0,2,3,0,0.0,669,1
2599,basic,10.0,350.0,35,186,42,0,1,6,0,0.0,1064,1
2600,premium,40.0,200.0,5,112,32,0,5,10,0,0.0,152,0
2601,standard,20.0,260.0,13,128,78,0,0,1,1,6.0,439,0
2602,basic,10.0,300.0,30,178,35,0,1,8,0,0.0,905,0
2603,basic,10.0,30.0,3,179,72,0,1,9,0,0.0,140,0
2604,standard,20.0,80.0,4,185,91,0,1,2,0,0.0,181,0
2605,standard,20.0,620.0,31,83,49,0,0,2,0,0.0,957,0
2606,basic,10.0,290.0,29,135,78,0,1,5,0,0.0,922,0
2607,standard,20.0,560.0,28,40,51,0,1,1,0,0.0,862,0
2608,standard,20.0,600.0,30,134,48,0,0,3,0,0.0,924,1
2609,standard,20.0,80.0,4,101,70,0,0,7,0,0.0,165,0
2610,premium,40.0,880.0,22,88,62,0,3,10,0,0.0,699,0
2611,basic,10.0,330.0,33,117,81,0,0,5,0,0.0,1048,1
2612,basic,10.0,170.0,17,104,93,0,2,5,0,0.0,574,0
2613,basic,10.0,280.0,28,100,96,0,2,7,0,0.0,908,0
2614,basic,10.0,40.0,4,146,60,1,5,11,0,0.0,155,1
2615,premium,40.0,320.0,8,93,114,0,0,2,1,7.0,327,0
2616,basic,10.0,120.0,12,153,111,0,0,2,0,0.0,449,0
2617,basic,10.0,140.0,14,175,80,0,0,2,0,0.0,472,0
2618,standard,20.0,500.0,25,174,58,0,0,4,0,0.0,778,0
2619,basic,10.0,150.0,15,151,52,0,1,4,0,0.0,477,1
2620,basic,10.0,280.0,28,1,111,0,0,4,0,0.0,929,0
2621,standard,20.0,660.0,33,181,72,0,0,4,0,0.0,1040,1
2622,standard,20.0,260.0,13,50,110,0,0,1,0,0.0,470,1
2623,standard,20.0,20.0,1,53,52,0,0,1,0,0.0,56,0
2624,basic,10.0,80.0,8,65,40,0,1,7,1,1.0,253,0
2625,standard,20.0,120.0,6,103,56,0,1,4,0,0.0,207,0
2626,basic,10.0,190.0,19,93,64,0,0,5,0,0.0,612,0
2627,standard,20.0,540.0,27,137,59,0,2,8,0,0.0,841,1
2628,basic,10.0,270.0,27,113,65,0,1,6,0,0.0,848,0
2629,basic,10.0,290.0,29,193,89,0,0,3,0,0.0,937,0
2630,basic,10.0,230.0,23,123,99,0,0,3,1,0.0,764,0
2631,basic,10.0,180.0,18,159,37,0,1,6,0,0.0,554,0
2632,basic,10.0,200.0,20,23,26,0,3,4,0,0.0,602,0
2633,premium,40.0,400.0,10,157,31,0,2,6,0,0.0,301,1
2634,standard,20.0,60.0,3,34,71,0,0,1,1,2.0,139,0
2635,basic,10.0,290.0,29,152,70,0,1,6,0,0.0,917,0
2636,standard,20.0,20.0,1,128,96,0,0,1,0,0.0,99,0
2637,standard,20.0,160.0,8,151,83,0,1,5,0,0.0,296,1
2638,basic,10.0,310.0,31,133,74,0,0,8,0,0.0,980,0
2639,standard,20.0,600.0,30,135,48,0,0,2,1,4.0,922,1
2640,basic,10.0,330.0,33,21,53,0,0,4,0,0.0,1017,0
2641,basic,10.0,90.0,9,34,40,0,1,5,0,0.0,286,0
2642,premium,40.0,1000.0,25,57,62,1,2,8,0,0.0,783,0
2643,standard,20.0,600.0,30,173,23,0,2,8,0,0.0,902,1
2644,basic,10.0,350.0,35,196,67,0,2,4,0,0.0,1094,1
2645,standard,20.0,320.0,16,128,40,0,1,3,0,0.0,494,0
2646,standard,20.0,340.0,17,175,40,0,3,6,0,0.0,521,0
2647,basic,10.0,280.0,28,101,64,0,2,8,1,2.0,882,0
2648,basic,10.0,10.0,1,179,46,0,0,3,1,4.0,47,1
2649,basic,10.0,340.0,34,86,49,0,0,3,1,2.0,1044,0
2650,basic,10.0,70.0,7,59,73,0,0,4,0,0.0,257,0
2651,basic,10.0,230.0,23,121,77,0,0,2,0,0.0,745,1
2652,premium,40.0,960.0,24,84,61,0,2,8,0,0.0,754,0
2653,premium,40.0,1360.0,34,147,63,0,3,6,0,0.0,1058,0
2654,basic,10.0,330.0,33,109,105,0,1,5,0,0.0,1074,0
2655,basic,10.0,140.0,14,66,44,0,0,3,0,0.0,438,0
2656,basic,10.0,100.0,10,182,110,0,0,4,0,0.0,386,1
2657,basic,10.0,60.0,6,119,55,0,1,3,0,0.0,214,0
2658,standard,20.0,140.0,7,52,106,0,2,5,1,8.0,288,0
2659,premium,40.0,40.0,1,63,-2,1,1,1,0,0.0,5,0
2660,basic,10.0,20.0,2,44,113,0,1,5,0,0.0,148,0
2661,standard,20.0,120.0,6,88,81,0,1,8,1,0.0,231,0
2662,basic,10.0,40.0,4,157,57,0,1,5,1,1.0,153,1
2663,basic,10.0,150.0,15,176,53,0,0,4,0,0.0,478,1
2664,premium,40.0,320.0,8,69,73,0,0,2,0,0.0,292,0
2665,premium,40.0,40.0,1,108,17,1,1,1,0,0.0,24,0
2666,basic,10.0,150.0,15,29,71,0,1,7,1,2.0,491,0
2667,basic,10.0,250.0,25,134,65,0,1,6,0,0.0,791,0
2668,standard,20.0,400.0,20,60,107,0,0,5,0,0.0,678,0
2669,basic,10.0,70.0,7,87,71,0,2,8,0,0.0,254,0
2670,standard,20.0,480.0,24,2,43,0,0,9,1,0.0,735,0
2671,basic,10.0,280.0,28,118,89,0,2,6,1,5.0,900,1
2672,basic,10.0,60.0,6,180,81,0,1,3,0,0.0,231,0
2673,basic,10.0,70.0,7,25,81,0,0,4,0,0.0,268,0
2674,basic,10.0,120.0,12,88,99,0,0,3,0,0.0,438,0
2675,standard,20.0,560.0,28,80,57,0,0,4,0,0.0,869,0
2676,premium,40.0,120.0,3,172,24,0,1,3,0,0.0,91,0
2677,basic,10.0,10.0,1,95,84,0,0,2,0,0.0,87,0
2678,basic,10.0,80.0,8,165,45,0,1,3,0,0.0,258,0
2679,basic,10.0,190.0,19,172,28,0,2,4,0,0.0,573,1
2680,standard,20.0,500.0,25,58,113,0,1,1,0,0.0,838,0
2681,basic,10.0,30.0,3,112,104,0,1,4,0,0.0,164,0
2682,basic,10.0,300.0,30,102,89,0,2,9,0,0.0,965,0
2683,basic,10.0,10.0,1,180,5,1,1,1,0,0.0,11,0
2684,basic,10.0,340.0,34,22,96,0,2,9,0,0.0,1086,0
2685,basic,10.0,80.0,8,118,29,0,1,10,0,0.0,246,0
2686,premium,40.0,1280.0,32,111,73,0,0,6,0,0.0,1011,0
2687,basic,10.0,160.0,16,39,51,0,1,4,1,9.0,509,0
2688,premium,40.0,880.0,22,82,61,0,4,7,0,0.0,698,0
2689,standard,20.0,680.0,34,115,84,0,3,7,1,8.0,1081,1
2690,basic,10.0,10.0,1,173,74,0,0,1,1,5.0,83,1
2691,standard,20.0,560.0,28,18,60,1,3,8,0,0.0,870,0
2692,basic,10.0,220.0,22,173,110,0,0,3,0,0.0,740,1
2693,basic,10.0,80.0,8,173,33,1,5,8,0,0.0,244,1
2694,basic,10.0,350.0,35,172,41,0,5,7,0,0.0,1062,1
2695,standard,20.0,300.0,15,16,91,0,1,4,0,0.0,519,0
2696,basic,10.0,30.0,3,86,104,0,0,2,0,0.0,168,1
2697,standard,20.0,360.0,18,117,72,0,0,5,0,0.0,584,0
2698,basic,10.0,200.0,20,124,30,0,2,7,0,0.0,600,1
2699,standard,20.0,20.0,1,150,43,0,0,1,0,0.0,52,0
2700,premium,40.0,640.0,16,25,56,0,3,6,0,0.0,512,0
2701,standard,20.0,240.0,12,97,24,0,3,7,0,0.0,362,0
2702,basic,10.0,120.0,12,167,60,0,1,6,0,0.0,396,0
2703,basic,10.0,300.0,30,173,83,0,0,6,0,0.0,956,1
2704,standard,20.0,600.0,30,10,111,0,0,3,0,0.0,986,0
2705,basic,10.0,130.0,13,182,67,0,1,3,0,0.0,436,1
2706,standard,20.0,300.0,15,69,102,0,1,3,0,0.0,526,0
2707,standard,20.0,500.0,25,30,106,0,1,2,0,0.0,830,0
2708,standard,20.0,500.0,25,189,52,0,0,4,0,0.0,779,0
2709,standard,20.0,280.0,14,18,93,0,4,12,0,0.0,487,0
2710,basic,10.0,270.0,27,166,40,0,4,7,0,0.0,827,0
2711,basic,10.0,90.0,9,169,106,0,1,3,0,0.0,347,0
2712,standard,20.0,680.0,34,178,72,0,0,5,1,6.0,1066,0
2713,standard,20.0,280.0,14,48,94,1,2,7,0,0.0,484,0
2714,basic,10.0,160.0,16,36,107,0,1,6,0,0.0,566,0
2715,premium,40.0,1040.0,26,42,76,0,0,5,0,0.0,829,1
2716,standard,20.0,680.0,34,2,55,0,1,8,1,2.0,1046,0
2717,premium,40.0,880.0,22,113,94,0,0,4,0,0.0,732,0
2718,standard,20.0,620.0,31,32,94,0,2,4,0,0.0,1000,0
2719,premium,40.0,600.0,15,4,28,1,3,8,0,0.0,453,0
2720,standard,20.0,280.0,14,130,43,0,2,6,0,0.0,442,0
2721,standard,20.0,200.0,10,185,42,0,0,5,0,0.0,318,0
2722,standard,20.0,260.0,13,148,39,0,2,4,0,0.0,408,0
2723,basic,10.0,150.0,15,35,90,1,3,7,0,0.0,511,0
2724,basic,10.0,40.0,4,125,58,0,1,8,1,4.0,151,0
2725,premium,40.0,600.0,15,112,103,0,0,4,0,0.0,528,0
2726,basic,10.0,20.0,2,55,60,0,4,7,0,0.0,92,0
2727,standard,20.0,660.0,33,123,112,0,0,2,0,0.0,1075,0
2728,basic,10.0,160.0,16,133,99,0,1,5,0,0.0,555,1
2729,basic,10.0,320.0,32,81,85,3,3,6,0,0.0,1023,0
2730,premium,40.0,240.0,6,104,35,0,2,6,0,0.0,194,0
2731,premium,40.0,160.0,4,194,108,0,0,6,0,0.0,205,0
2732,standard,20.0,560.0,28,183,87,0,0,3,0,0.0,899,0
2733,basic,10.0,130.0,13,85,59,1,1,3,0,0.0,427,0
2734,basic,10.0,140.0,14,174,109,0,0,6,0,0.0,504,1
2735,basic,10.0,10.0,1,27,16,1,3,3,0,0.0,22,0
2736,premium,40.0,40.0,1,114,76,0,0,5,0,0.0,81,0
2737,standard,20.0,580.0,29,43,51,0,0,4,0,0.0,898,0
2738,standard,20.0,640.0,32,158,90,0,1,4,1,4.0,1025,0
2739,basic,10.0,170.0,17,126,51,0,1,8,0,0.0,535,0
2740,standard,20.0,140.0,7,121,48,0,1,6,1,8.0,231,0
2741,basic,10.0,10.0,1,86,65,0,1,4,0,0.0,68,0
2742,basic,10.0,300.0,30,72,44,0,0,5,1,5.0,919,0
2743,standard,20.0,480.0,24,89,27,1,2,11,1,2.0,721,0
2744,standard,20.0,680.0,34,112,50,0,0,4,0,0.0,1048,0
2745,premium,40.0,440.0,11,21,57,0,3,7,1,1.0,366,0
2746,standard,20.0,320.0,16,3,53,0,1,4,0,0.0,508,0
2747,basic,10.0,180.0,18,184,104,0,3,8,0,0.0,623,1
2748,premium,40.0,80.0,2,116,110,0,1,7,0,0.0,140,0
2749,standard,20.0,420.0,21,13,92,0,2,9,0,0.0,696,0
2750,basic,10.0,220.0,22,104,92,0,1,5,0,0.0,731,1
2751,premium,40.0,200.0,5,87,41,0,1,5,2,3.0,167,0
2752,standard,20.0,520.0,26,114,95,0,3,10,1,2.0,846,0
2753,basic,10.0,140.0,14,72,22,2,3,9,1,5.0,420,1
2754,basic,10.0,240.0,24,102,58,0,1,5,0,0.0,753,0
2755,standard,20.0,460.0,23,89,64,0,2,7,0,0.0,733,0
2756,basic,10.0,280.0,28,96,31,0,5,8,0,0.0,847,1
2757,standard,20.0,100.0,5,90,50,0,0,2,0,0.0,175,0
2758,basic,10.0,160.0,16,134,76,0,2,5,0,0.0,528,0
2759,standard,20.0,60.0,3,5,22,0,0,2,0,0.0,91,0
2760,standard,20.0,640.0,32,53,41,0,2,9,0,0.0,979,0
2761,standard,20.0,20.0,1,68,9,1,1,1,0,0.0,17,0
2762,basic,10.0,290.0,29,128,58,0,0,4,0,0.0,900,0
2763,premium,40.0,1120.0,28,116,35,0,2,11,0,0.0,846,1
2764,basic,10.0,80.0,8,46,29,0,2,5,0,0.0,243,0
2765,basic,10.0,230.0,23,94,93,1,1,3,0,0.0,756,0
2766,basic,10.0,270.0,27,136,67,0,1,5,1,4.0,854,0
2767,standard,20.0,680.0,34,84,65,0,0,3,0,0.0,1063,0
2768,basic,10.0,120.0,12,47,23,0,3,10,1,9.0,360,0
2769,standard,20.0,380.0,19,107,99,0,0,7,0,0.0,643,1
2770,standard,20.0,380.0,19,98,65,0,4,6,0,0.0,605,0
2771,standard,20.0,60.0,3,109,31,0,0,1,0,0.0,92,0
2772,basic,10.0,310.0,31,111,71,0,2,5,0,0.0,974,1
2773,basic,10.0,270.0,27,196,80,0,0,7,0,0.0,862,0
2774,standard,20.0,460.0,23,36,28,0,1,5,0,0.0,697,1
2775,basic,10.0,40.0,4,75,27,0,0,2,0,0.0,122,0
2776,basic,10.0,270.0,27,59,77,0,1,2,0,0.0,857,0
2777,basic,10.0,90.0,9,136,70,0,2,6,0,0.0,317,1
2778,basic,10.0,80.0,8,138,35,0,2,5,0,0.0,251,1
2779,premium,40.0,400.0,10,74,56,0,2,9,0,0.0,330,1
2780,basic,10.0,30.0,3,57,44,0,2,5,0,0.0,113,0
2781,standard,20.0,500.0,25,32,100,0,0,5,0,0.0,826,1
2782,standard,20.0,200.0,10,183,63,0,1,3,1,1.0,342,1
2783,basic,10.0,300.0,30,186,31,0,0,2,0,0.0,909,0
2784,basic,10.0,160.0,16,121,94,0,4,9,1,8.0,552,1
2785,standard,20.0,200.0,10,68,48,0,0,1,0,0.0,322,0
2786,basic,10.0,10.0,1,167,23,1,4,4,1,0.0,30,0
2787,basic,10.0,270.0,27,150,100,0,1,4,0,0.0,884,1
2788,basic,10.0,280.0,28,0,68,0,0,2,0,0.0,884,0
2789,basic,10.0,330.0,33,19,72,0,1,3,0,0.0,1036,0
2790,basic,10.0,310.0,31,101,99,0,1,5,1,8.0,1007,0
2791,standard,20.0,320.0,16,2,31,0,0,2,1,5.0,488,0
2792,basic,10.0,270.0,27,166,73,0,0,4,0,0.0,862,0
2793,standard,20.0,540.0,27,140,44,0,0,6,0,0.0,831,0
2794,premium,40.0,640.0,16,134,111,0,0,3,0,0.0,562,1
2795,basic,10.0,210.0,21,105,93,0,2,10,1,3.0,693,0
2796,standard,20.0,180.0,9,12,35,0,0,4,0,0.0,281,0
2797,basic,10.0,220.0,22,184,31,0,1,4,0,0.0,668,0
2798,basic,10.0,330.0,33,144,21,0,2,9,0,0.0,990,1
2799,standard,20.0,420.0,21,61,60,0,2,6,1,1.0,664,0
2800,basic,10.0,10.0,1,36,63,0,3,4,0,0.0,64,0
2801,standard,20.0,500.0,25,29,40,0,0,8,0,0.0,766,0
2802,premium,40.0,680.0,17,26,68,0,4,8,0,0.0,549,0
2803,basic,10.0,210.0,21,113,77,0,0,8,0,0.0,686,1
2804,basic,10.0,60.0,6,145,58,2,3,7,1,6.0,212,0
2805,standard,20.0,700.0,35,148,58,0,2,6,0,0.0,1086,0
2806,standard,20.0,200.0,10,160,57,0,0,4,0,0.0,330,0
2807,basic,10.0,210.0,21,115,95,0,2,8,1,4.0,701,0
2808,standard,20.0,640.0,32,38,64,0,1,4,1,2.0,997,0
2809,standard,20.0,180.0,9,86,85,0,0,4,0,0.0,326,0
2810,standard,20.0,100.0,5,8,65,0,0,3,0,0.0,191,0
2811,basic,10.0,170.0,17,16,101,0,0,5,0,0.0,585,0
2812,standard,20.0,480.0,24,64,33,0,1,3,0,0.0,725,0
2813,standard,20.0,620.0,31,133,57,0,3,9,0,0.0,964,0
2814,basic,10.0,140.0,14,144,104,0,0,2,0,0.0,497,1
2815,basic,10.0,20.0,2,115,44,0,2,5,0,0.0,83,0
2816,standard,20.0,220.0,11,85,109,0,0,6,0,0.0,413,0
2817,standard,20.0,480.0,24,2,95,0,4,7,0,0.0,794,0
2818,premium,40.0,880.0,22,80,80,0,0,4,0,0.0,717,0
2819,basic,10.0,80.0,8,158,53,0,2,6,2,1.0,272,0
2820,standard,20.0,520.0,26,162,62,0,1,7,0,0.0,818,1
2821,basic,10.0,180.0,18,136,34,0,2,4,0,0.0,551,0
2822,basic,10.0,200.0,20,76,70,0,2,9,0,0.0,646,0
2823,basic,10.0,220.0,22,112,93,0,2,5,0,0.0,724,0
2824,standard,20.0,180.0,9,137,48,0,1,3,0,0.0,294,1
2825,basic,10.0,70.0,7,125,51,0,0,3,1,5.0,232,1
2826,standard,20.0,220.0,11,80,81,0,3,7,1,5.0,381,0
2827,basic,10.0,100.0,10,23,61,0,1,3,0,0.0,340,0
2828,standard,20.0,340.0,17,154,73,0,0,2,0,0.0,559,0
2829,premium,40.0,880.0,22,186,46,0,1,5,0,0.0,676,0
2830,premium,40.0,200.0,5,73,76,0,1,6,0,0.0,203,0
2831,standard,20.0,460.0,23,141,55,0,0,4,0,0.0,716,1
2832,premium,40.0,1080.0,27,55,96,0,1,4,0,0.0,884,1
2833,standard,20.0,600.0,30,64,47,0,0,0,0,0.0,917,0
2834,standard,20.0,60.0,3,117,55,1,2,4,0,0.0,121,0
2835,premium,40.0,760.0,19,193,30,0,2,4,0,0.0,577,1
2836,standard,20.0,440.0,22,134,26,1,2,6,0,0.0,662,0
2837,premium,40.0,480.0,12,50,90,0,1,5,0,0.0,421,0
2838,standard,20.0,660.0,33,136,112,0,1,3,0,0.0,1072,1
2839,premium,40.0,1320.0,33,93,63,0,5,9,1,8.0,1025,0
2840,basic,10.0,160.0,16,66,56,0,2,6,1,6.0,510,0
2841,standard,20.0,240.0,12,53,25,0,0,3,0,0.0,360,0
2842,basic,10.0,190.0,19,185,32,0,0,2,0,0.0,578,1
2843,basic,10.0,100.0,10,77,28,0,2,6,0,0.0,300,0
2844,basic,10.0,260.0,26,170,38,0,4,11,0,0.0,797,1
2845,standard,20.0,560.0,28,84,100,0,0,6,0,0.0,916,0
2846,basic,10.0,150.0,15,32,84,1,1,4,0,0.0,510,1
2847,basic,10.0,10.0,1,26,12,2,3,3,0,0.0,12,0
2848,basic,10.0,100.0,10,24,51,0,1,4,0,0.0,329,0
2849,standard,20.0,280.0,14,3,53,0,0,2,1,1.0,444,0
2850,basic,10.0,10.0,1,75,62,0,2,5,0,0.0,71,1
2851,basic,10.0,330.0,33,175,81,0,0,3,0,0.0,1048,1
2852,basic,10.0,350.0,35,127,30,0,0,4,0,0.0,1057,0
2853,premium,40.0,760.0,19,81,63,0,0,3,0,0.0,603,1
2854,basic,10.0,150.0,15,80,37,0,2,3,0,0.0,459,0
2855,basic,10.0,230.0,23,155,53,0,0,3,0,0.0,721,1
2856,basic,10.0,10.0,1,198,41,0,1,1,0,0.0,41,1
2857,standard,20.0,540.0,27,145,48,0,0,5,0,0.0,835,0
2858,premium,40.0,840.0,21,98,110,0,0,2,0,0.0,716,0
2859,basic,10.0,70.0,7,90,57,0,0,4,0,0.0,239,1
2860,basic,10.0,30.0,3,136,35,0,1,6,0,0.0,96,0
2861,basic,10.0,150.0,15,133,32,0,1,6,0,0.0,456,1
2862,standard,20.0,480.0,24,36,28,0,1,1,0,0.0,727,1
2863,basic,10.0,120.0,12,62,31,0,1,7,0,0.0,361,1
2864,standard,20.0,140.0,7,113,105,0,2,9,0,0.0,288,0
2865,standard,20.0,260.0,13,157,40,0,1,4,0,0.0,402,0
2866,standard,20.0,380.0,19,86,103,0,1,6,0,0.0,647,0
2867,standard,20.0,660.0,33,54,53,0,0,5,0,0.0,1015,0
2868,basic,10.0,120.0,12,145,61,0,1,2,2,3.5,399,0
2869,basic,10.0,120.0,12,187,72,0,1,4,0,0.0,405,1
2870,standard,20.0,220.0,11,75,62,0,2,7,0,0.0,362,0
2871,standard,20.0,280.0,14,113,39,0,1,3,0,0.0,430,0
2872,basic,10.0,300.0,30,86,65,0,6,9,0,0.0,938,0
2873,standard,20.0,640.0,32,1,113,0,0,1,0,0.0,1048,0
2874,basic,10.0,290.0,29,75,46,0,1,4,0,0.0,895,0
2875,premium,40.0,1360.0,34,18,58,0,1,10,0,0.0,1052,0
2876,standard,20.0,300.0,15,146,102,0,2,6,0,0.0,531,1
2877,basic,10.0,120.0,12,71,35,0,2,4,0,0.0,370,0
2878,basic,10.0,290.0,29,137,74,0,2,5,0,0.0,921,1
2879,basic,10.0,100.0,10,22,105,0,1,5,0,0.0,382,0
2880,standard,20.0,80.0,4,55,96,0,1,5,1,6.0,188,0
2881,premium,40.0,920.0,23,35,95,0,0,3,0,0.0,761,0
2882,basic,10.0,130.0,13,142,27,0,1,3,1,3.0,390,1
2883,basic,10.0,40.0,4,20,115,0,0,2,1,1.0,207,0
2884,basic,10.0,320.0,32,95,76,0,2,8,0,0.0,1008,0
2885,standard,20.0,20.0,1,24,59,0,1,2,1,2.0,65,1
2886,basic,10.0,30.0,3,116,80,0,0,4,0,0.0,148,1
2887,basic,10.0,110.0,11,126,57,1,2,5,1,2.0,363,0
2888,basic,10.0,70.0,7,47,40,0,1,3,0,0.0,220,0
2889,standard,20.0,20.0,1,181,51,0,0,1,0,0.0,59,1
2890,basic,10.0,30.0,3,45,89,1,1,4,0,0.0,154,0
2891,standard,20.0,620.0,31,149,108,0,1,8,0,0.0,1010,0
2892,standard,20.0,720.0,36,26,38,0,3,8,0,0.0,1089,1
2893,basic,10.0,10.0,1,11,29,3,3,3,1,4.0,31,0
2894,basic,10.0,320.0,32,25,52,0,1,6,0,0.0,990,0
2895,basic,10.0,150.0,15,84,98,0,1,6,0,0.0,525,0
2896,basic,10.0,280.0,28,197,119,0,0,4,0,0.0,929,0
2897,basic,10.0,40.0,4,27,50,0,0,5,0,0.0,142,1
2898,basic,10.0,320.0,32,154,68,0,0,2,0,0.0,1001,0
2899,standard,20.0,280.0,14,36,41,0,3,7,0,0.0,432,1
2900,standard,20.0,200.0,10,184,111,0,0,3,0,0.0,386,1
2901,basic,10.0,210.0,21,13,58,0,0,3,0,0.0,663,0
2902,basic,10.0,10.0,1,138,35,0,2,2,0,0.0,43,0
2903,premium,40.0,680.0,17,106,43,0,4,10,0,0.0,524,0
2904,standard,20.0,160.0,8,151,86,0,0,4,0,0.0,298,1
2905,premium,40.0,600.0,15,110,30,0,0,5,0,0.0,451,0
2906,standard,20.0,680.0,34,40,34,0,1,6,0,0.0,1028,0
2907,basic,10.0,160.0,16,123,104,0,1,3,0,0.0,558,1
2908,standard,20.0,40.0,2,39,82,0,0,3,0,0.0,113,1
2909,standard,20.0,160.0,8,168,48,0,0,5,1,8.0,266,0
2910,basic,10.0,230.0,23,40,53,1,5,10,0,0.0,720,0
2911,premium,40.0,1120.0,28,196,103,0,2,6,0,0.0,913,1
2912,basic,10.0,180.0,18,113,69,0,0,3,3,2.6666666666666665,587,0
2913,standard,20.0,400.0,20,28,51,0,0,5,0,0.0,621,0
2914,basic,10.0,80.0,8,113,90,0,2,5,1,7.0,309,1
2915,standard,20.0,40.0,2,132,90,0,2,8,0,0.0,120,0
2916,basic,10.0,150.0,15,29,28,0,0,2,1,0.0,451,0
2917,basic,10.0,270.0,27,60,35,0,1,4,0,0.0,818,0
2918,standard,20.0,60.0,3,67,77,0,0,2,1,1.0,142,0
2919,standard,20.0,620.0,31,142,82,0,0,2,0,0.0,986,1
2920,standard,20.0,580.0,29,158,36,0,1,7,0,0.0,880,1
2921,basic,10.0,290.0,29,56,100,0,1,3,0,0.0,945,1
2922,standard,20.0,560.0,28,109,30,0,0,4,0,0.0,847,1
2923,standard,20.0,80.0,4,24,74,0,1,5,0,0.0,170,0
2924,premium,40.0,1200.0,30,82,71,0,2,10,0,0.0,947,1
2925,standard,20.0,480.0,24,81,81,0,2,6,0,0.0,771,0
2926,basic,10.0,270.0,27,187,31,0,0,8,0,0.0,818,1
2927,standard,20.0,380.0,19,183,35,0,1,6,0,0.0,580,0
2928,basic,10.0,160.0,16,134,74,0,0,4,0,0.0,529,0
2929,basic,10.0,100.0,10,149,41,0,1,1,0,0.0,316,0
2930,basic,10.0,310.0,31,180,71,0,1,6,0,0.0,972,0
2931,standard,20.0,660.0,33,96,24,0,1,5,0,0.0,990,0
2932,standard,20.0,60.0,3,1,65,0,2,7,0,0.0,133,0
2933,basic,10.0,50.0,5,40,74,0,1,6,0,0.0,195,1
2934,standard,20.0,100.0,5,151,81,0,0,4,0,0.0,208,0
2935,basic,10.0,130.0,13,56,61,0,1,10,0,0.0,428,0
2936,basic,10.0,80.0,8,85,41,0,3,8,0,0.0,257,0
2937,basic,10.0,130.0,13,139,96,0,0,2,1,4.0,465,0
2938,basic,10.0,10.0,1,93,46,0,0,2,0,0.0,48,0
2939,basic,10.0,130.0,13,178,105,0,1,5,0,0.0,468,0
2940,standard,20.0,300.0,15,7,58,0,0,4,0,0.0,481,0
2941,basic,10.0,220.0,22,49,60,0,2,5,0,0.0,691,0
2942,basic,10.0,110.0,11,107,34,0,0,1,1,4.0,337,0
2943,premium,40.0,1120.0,28,51,31,0,0,3,0,0.0,849,0
2944,standard,20.0,500.0,25,171,63,0,1,4,0,0.0,787,1
2945,basic,10.0,210.0,21,198,102,0,0,7,0,0.0,706,1
2946,basic,10.0,30.0,3,139,25,0,1,4,0,0.0,91,1
2947,basic,10.0,330.0,33,175,93,0,2,8,0,0.0,1061,1
2948,basic,10.0,30.0,3,110,104,0,0,2,0,0.0,167,1
2949,premium,40.0,600.0,15,169,50,0,0,5,0,0.0,470,1
2950,standard,20.0,260.0,13,48,24,1,2,9,0,0.0,392,0
2951,basic,10.0,190.0,19,187,38,0,0,6,0,0.0,582,0
2952,standard,20.0,580.0,29,98,35,0,0,6,0,0.0,884,0
2953,standard,20.0,660.0,33,197,111,0,0,1,1,9.0,1071,0
2954,basic,10.0,130.0,13,165,91,0,3,7,0,0.0,459,0
2955,standard,20.0,580.0,29,46,53,0,0,3,0,0.0,897,0
2956,premium,40.0,880.0,22,69,61,0,0,9,0,0.0,699,0
2957,basic,10.0,10.0,1,110,65,0,3,4,1,3.0,70,0
2958,basic,10.0,280.0,28,71,65,0,0,5,0,0.0,876,0
2959,standard,20.0,220.0,11,126,28,0,2,3,1,2.0,330,0
2960,standard,20.0,380.0,19,53,25,1,3,5,0,0.0,572,0
2961,standard,20.0,540.0,27,193,47,0,0,1,0,0.0,834,0
2962,standard,20.0,220.0,11,111,100,0,1,6,0,0.0,409,0
2963,premium,40.0,40.0,1,136,16,2,2,2,0,0.0,18,1
2964,premium,40.0,160.0,4,31,44,0,0,3,0,0.0,137,0
2965,standard,20.0,80.0,4,33,75,0,1,6,0,0.0,170,0
2966,basic,10.0,200.0,20,152,101,0,2,4,0,0.0,675,0
2967,basic,10.0,100.0,10,144,50,0,0,4,0,0.0,327,0
2968,basic,10.0,270.0,27,170,98,0,1,4,1,7.0,880,0
2969,basic,10.0,10.0,1,173,60,0,0,3,1,2.0,62,0
2970,premium,40.0,960.0,24,101,69,0,3,5,0,0.0,761,0
2971,basic,10.0,300.0,30,151,94,0,1,3,0,0.0,972,1
2972,standard,20.0,260.0,13,18,107,0,0,5,0,0.0,468,0
2973,standard,20.0,500.0,25,20,45,0,1,7,0,0.0,767,0
2974,basic,10.0,120.0,12,195,75,0,3,7,0,0.0,408,0
2975,basic,10.0,210.0,21,94,28,1,2,8,0,0.0,631,1
2976,basic,10.0,240.0,24,97,34,0,1,9,0,0.0,729,1
2977,standard,20.0,680.0,34,195,61,0,1,2,0,0.0,1055,1
2978,basic,10.0,50.0,5,41,51,0,0,3,0,0.0,175,0
2979,basic,10.0,140.0,14,164,54,0,0,3,0,0.0,444,0
2980,basic,10.0,210.0,21,142,29,0,1,6,0,0.0,632,0
2981,standard,20.0,80.0,4,99,95,0,4,8,0,0.0,187,0
2982,standard,20.0,320.0,16,19,32,0,0,2,1,0.0,483,0
2983,premium,40.0,520.0,13,19,94,0,1,5,0,0.0,462,0
2984,basic,10.0,50.0,5,153,93,0,3,5,0,0.0,216,0
2985,basic,10.0,170.0,17,167,80,0,2,10,1,0.0,563,0
2986,premium,40.0,120.0,3,68,60,0,2,7,0,0.0,127,0
2987,standard,20.0,20.0,1,88,40,0,1,1,0,0.0,43,0
2988,basic,10.0,170.0,17,32,97,0,3,6,0,0.0,578,0
2989,premium,40.0,240.0,6,6,30,2,3,9,0,0.0,183,0
2990,basic,10.0,330.0,33,27,101,0,0,6,0,0.0,1061,0
2991,basic,10.0,140.0,14,14,33,0,1,1,0,0.0,425,0
2992,standard,20.0,140.0,7,83,81,0,0,8,0,0.0,268,0
2993,basic,10.0,40.0,4,147,59,0,4,16,0,0.0,150,0
2994,basic,10.0,280.0,28,78,101,0,0,4,0,0.0,919,1
2995,basic,10.0,10.0,1,50,69,0,0,3,0,0.0,70,0
2996,standard,20.0,280.0,14,91,64,0,3,7,0,0.0,459,1
2997,basic,10.0,150.0,15,54,84,3,6,11,0,0.0,510,0
2998,basic,10.0,20.0,2,184,85,0,1,4,1,4.0,116,0
2999,standard,20.0,260.0,13,152,29,0,0,3,0,0.0,398,1
3000,standard,20.0,280.0,14,192,31,0,0,8,0,0.0,429,0
